sequence_id,predicted_activity,sequence_length,timestamp
"IsPETase_[K182,R239,I162,M187,M149,]",2.7237720489501953,290,1758469644.4170203
"IsPETase_[A16,W104,Y33,E10,A101,]",2.7652018070220947,290,1758469647.2560763
"IsPETase_[L179,S177,M28,K171,C283,]",2.736581325531006,290,1758469650.1070974
"IsPETase_[G37,Q78,Y205,E206,Y190,]",2.709506034851074,290,1758469652.954109
"IsPETase_[A221,E203,V253,V6,L51,]",2.7512989044189453,290,1758469655.7625782
"IsPETase_[R1,F13,N22,I167,L205,]",2.7422220706939697,290,1758469658.5736916
"IsPETase_[G266,N111,H38,G290,Y30,]",2.7203259468078613,290,1758469661.3902903
"IsPETase_[E84,C271,P20,L251,N121,]",2.7141547203063965,290,1758469664.2518919
"IsPETase_[H220,R35,G180,Q141,G170,]",2.701519250869751,290,1758469667.0805247
"IsPETase_[S200,R113,A237,I107,L139,]",2.6891121864318848,290,1758469669.9006708
"IsPETase_[W217,C3,T234,E54,I69,]",2.742689371109009,290,1758469672.7133737
"IsPETase_[R2,R54,C233,P59,L261,]",2.7307446002960205,290,1758469675.5322127
"IsPETase_[P97,I18,M285,A257,N47,]",2.7318217754364014,290,1758469678.33808
"IsPETase_[F18,P268,C247,P228,L84,]",2.7344396114349365,290,1758469681.151482
"IsPETase_[Y109,T222,E281,P56,S98,]",2.6979668140411377,290,1758469683.9616003
"IsPETase_[I54,S69,M111,S100,N126,]",2.74670672416687,290,1758469686.7700262
"IsPETase_[V256,R159,C175,M3,R251,]",2.7359485626220703,290,1758469689.5817585
"IsPETase_[L61,E174,I119,A88,P48,]",2.6915171146392822,290,1758469692.441212
"IsPETase_[M79,R185,R203,P216,F44,]",2.7448787689208984,290,1758469695.3907032
"IsPETase_[Y65,I187,P3,M96,M81,]",2.7355775833129883,290,1758469698.7741728
"IsPETase_[V186,K96,D1,D221,G271,]",2.691457748413086,290,1758469701.6129532
"IsPETase_[S47,K79,E8,I116,N191,]",2.7486989498138428,290,1758469704.425102
"IsPETase_[Q161,H155,F163,H137,E75,]",2.6715781688690186,290,1758469707.2561922
"IsPETase_[I8,A193,Q37,D131,T82,]",2.7418341636657715,290,1758469710.0743911
"IsPETase_[F186,Q84,F269,F227,T58,]",2.7363975048065186,290,1758469712.8999596
"IsPETase_[G111,V204,Y35,H239,D25,]",2.7802741527557373,290,1758469715.7322085
"IsPETase_[N260,W127,C140,H270,N15,]",2.7513415813446045,290,1758469718.552948
"IsPETase_[Q216,E46,Q136,Q16,G212,]",2.704150915145874,290,1758469721.3733356
"IsPETase_[Q144,H195,G81,G25,V183,]",2.7318849563598633,290,1758469724.1930914
"IsPETase_[L29,L51,A186,I244,R282,]",2.717940330505371,290,1758469727.017881
"IsPETase_[K69,G262,Q162,K132,M34,]",2.7575814723968506,290,1758469729.8913107
"IsPETase_[N88,T223,T145,S181,D236,]",2.725719690322876,290,1758469732.7394795
"IsPETase_[H13,C148,G24,P17,T142,]",2.754408121109009,290,1758469735.5534117
"IsPETase_[E281,M24,R111,Y38,V178,]",2.7202491760253906,290,1758469738.3694193
"IsPETase_[S227,A243,C38,N195,R42,]",2.729865074157715,290,1758469741.1967983
"IsPETase_[A223,H182,C246,V179,H243,]",2.72847843170166,290,1758469744.0085542
"IsPETase_[F16,R111,V11,N207,H90,]",2.7965025901794434,290,1758469746.8206384
"IsPETase_[M105,L259,R229,P264,H14,]",2.730715274810791,290,1758469749.6415286
"IsPETase_[T174,E255,K129,Q80,K66,]",2.7230722904205322,290,1758469752.4575748
"IsPETase_[H3,P96,N54,L181,M91,]",2.7068490982055664,290,1758469755.28256
"IsPETase_[H91,P172,W234,K173,S89,]",2.710773229598999,290,1758469759.4066226
"IsPETase_[A8,V278,F165,H116,F182,]",2.727678060531616,290,1758469763.636602
"IsPETase_[A251,H142,M273,C288,R290,]",2.6628217697143555,290,1758469766.4824672
"IsPETase_[G178,F197,V55,V19,R68,]",2.7591159343719482,290,1758469769.3112996
"IsPETase_[A16,M32,W140,E137,V6,]",2.7643051147460938,290,1758469772.146453
"IsPETase_[N11,P116,A48,F33,Y39,]",2.732501268386841,290,1758469774.9640424
"IsPETase_[N207,W113,H148,W92,Y130,]",2.7236220836639404,290,1758469777.7835443
"IsPETase_[C284,M82,S251,F289,G180,]",2.7207460403442383,290,1758469780.608401
"IsPETase_[L245,W92,F156,M40,Y120,]",2.706555128097534,290,1758469783.6252542
"IsPETase_[R230,V45,C9,P80,C240,]",2.7863683700561523,290,1758469786.446955
"IsPETase_[N109,T249,M110,A3,L290,]",2.7433862686157227,290,1758469789.2553287
"IsPETase_[F157,Y44,Q280,L206,L91,]",2.730076313018799,290,1758469792.0725336
"IsPETase_[L44,I183,H204,V152,W57,]",2.7587451934814453,290,1758469794.8855057
"IsPETase_[I189,G170,W146,H91,I7,]",2.7367241382598877,290,1758469797.7151294
"IsPETase_[C141,N121,Y21,I107,F61,]",2.692986011505127,290,1758469800.5278556
"IsPETase_[I172,R184,D246,F265,C62,]",2.739971876144409,290,1758469803.400931
"IsPETase_[D196,L231,G279,R227,H38,]",2.6927099227905273,290,1758469806.2370293
"IsPETase_[R115,M193,F244,I189,Q117,]",2.6804447174072266,290,1758469809.0530984
"IsPETase_[M277,K71,D80,Q263,L254,]",2.706005811691284,290,1758469811.870354
"IsPETase_[M242,P228,P285,M189,W87,]",2.6882660388946533,290,1758469814.6822507
"IsPETase_[L284,K264,N33,M53,N147,]",2.7679407596588135,290,1758469817.4950986
"IsPETase_[P27,R48,D217,I153,P220,]",2.7382898330688477,290,1758469820.329609
"IsPETase_[P279,M12,E287,Y103,G270,]",2.6845548152923584,290,1758469823.1532197
"IsPETase_[D286,T149,N16,M156,H46,]",2.6869757175445557,290,1758469825.972825
"IsPETase_[W129,V145,R201,H284,K15,]",2.771955728530884,290,1758469828.7926245
"IsPETase_[R192,W15,V160,H284,F143,]",2.727116107940674,290,1758469831.6132765
"IsPETase_[V271,T260,G279,C248,W220,]",2.748487710952759,290,1758469834.4266284
"IsPETase_[Y203,C253,P239,Y270,C220,]",2.7858073711395264,290,1758469837.2467499
"IsPETase_[P203,F67,D224,D10,P223,]",2.7119548320770264,290,1758469840.0636642
"IsPETase_[S40,H41,A231,K88,I264,]",2.71467661857605,290,1758469842.8768067
"IsPETase_[S274,I224,Q46,T232,V175,]",2.7561495304107666,290,1758469845.6928055
"IsPETase_[T232,Y112,R54,D245,M168,]",2.6747629642486572,290,1758469848.5055907
"IsPETase_[I150,C255,F44,V65,S69,]",2.766839027404785,290,1758469851.3245146
"IsPETase_[E135,Q33,D11,Y218,Q155,]",2.7398905754089355,290,1758469854.1394157
"IsPETase_[M263,M115,Y65,G1,E157,]",2.7507896423339844,290,1758469856.9646192
"IsPETase_[V288,Q82,V195,W246,N161,]",2.7179698944091797,290,1758469859.7902238
"IsPETase_[A21,S181,Q50,M244,P142,]",2.6808788776397705,290,1758469862.6534262
"IsPETase_[E18,S2,L115,A91,F9,]",2.7577717304229736,290,1758469865.4731765
"IsPETase_[K18,L80,E254,Y49,G122,]",2.7473387718200684,290,1758469868.2916086
"IsPETase_[I59,W217,M85,Q142,T69,]",2.7610116004943848,290,1758469871.1117125
"IsPETase_[A288,V274,A132,V207,P55,]",2.7549548149108887,290,1758469873.9249332
"IsPETase_[G272,Q267,G187,N255,D47,]",2.6910340785980225,290,1758469876.746939
"IsPETase_[R76,G102,Q162,P154,Q62,]",2.717180013656616,290,1758469879.551134
"IsPETase_[A16,H193,D38,E120,I280,]",2.705925226211548,290,1758469882.369883
"IsPETase_[M25,Q197,K57,W118,R221,]",2.744817018508911,290,1758469885.1862326
"IsPETase_[N260,L69,N17,E132,Q99,]",2.725679874420166,290,1758469887.9967582
"IsPETase_[Q232,S94,T21,A7,Y241,]",2.762892484664917,290,1758469890.8135269
"IsPETase_[R189,S63,H70,L28,Q194,]",2.755445957183838,290,1758469893.6269372
"IsPETase_[I240,G166,K121,L263,H257,]",2.7014052867889404,290,1758469896.447959
"IsPETase_[F17,C111,N163,R120,H93,]",2.7495529651641846,290,1758469899.2563627
"IsPETase_[G273,W219,Y155,T31,Y108,]",2.7824807167053223,290,1758469902.0886567
"IsPETase_[P41,H227,W246,G150,I211,]",2.723557472229004,290,1758469904.9395773
"IsPETase_[W116,H138,K64,W277,K98,]",2.738349437713623,290,1758469907.7568076
"IsPETase_[T78,A275,G21,V142,D247,]",2.7198705673217773,290,1758469910.572629
"IsPETase_[Q139,N135,C180,L252,V207,]",2.7436623573303223,290,1758469913.3813517
"IsPETase_[Q288,Q80,C107,L14,D10,]",2.7122204303741455,290,1758469916.202712
"IsPETase_[P275,N286,I38,Q65,D245,]",2.698500156402588,290,1758469919.007132
"IsPETase_[A190,C27,F60,S150,H169,]",2.7591795921325684,290,1758469921.8239045
"IsPETase_[T50,H257,H267,I60,K52,]",2.754253387451172,290,1758469924.6370037
"IsPETase_[Q90,E78,W95,L102,H268,]",2.737959384918213,290,1758469927.4513326
"IsPETase_[T135,Y128,T186,D153,L201,]",2.74987530708313,290,1758469930.307893
"IsPETase_[W222,D266,N202,T276,S162,]",2.710895538330078,290,1758469933.1281586
"IsPETase_[C84,S85,A192,G203,F211,]",2.778028726577759,290,1758469935.9478889
"IsPETase_[G212,N84,D20,A32,G53,]",2.798964500427246,290,1758469938.760372
"IsPETase_[N25,I209,L265,Q237,K43,]",2.7263243198394775,290,1758469941.5850596
"IsPETase_[Y122,K156,P159,V16,N228,]",2.7606241703033447,290,1758469944.3958554
"IsPETase_[R51,E40,Q112,T164,R3,]",2.68432354927063,290,1758469947.2188194
"IsPETase_[R273,Y133,Y51,A181,K187,]",2.7179489135742188,290,1758469950.0380237
"IsPETase_[Y1,A205,N120,P79,K127,]",2.7151994705200195,290,1758469952.8477752
"IsPETase_[H105,M180,M40,H252,V96,]",2.7494311332702637,290,1758469955.6604097
"IsPETase_[D166,R204,G250,S87,Q90,]",2.7535200119018555,290,1758469958.4668574
"IsPETase_[R14,I155,Y8,E31,S135,]",2.7369635105133057,290,1758469961.2865214
"IsPETase_[K273,Y276,V216,W270,L160,]",2.77575421333313,290,1758469964.095962
"IsPETase_[D166,M196,S109,F99,V72,]",2.7331442832946777,290,1758469966.9323347
"IsPETase_[N153,D8,C14,T66,A195,]",2.7240450382232666,290,1758469969.7400806
"IsPETase_[H40,R172,V287,M6,F186,]",2.71177339553833,290,1758469972.5634353
"IsPETase_[Y267,M197,Y209,R65,E97,]",2.7252590656280518,290,1758469975.7216492
"IsPETase_[K118,C226,A172,C40,T201,]",2.7287259101867676,290,1758469978.5465481
"IsPETase_[W39,S88,Q24,H280,P180,]",2.74389910697937,290,1758469981.4188702
"IsPETase_[A104,R79,G210,H113,L60,]",2.734269618988037,290,1758469984.228279
"IsPETase_[K169,P249,C94,T152,Y29,]",2.764930248260498,290,1758469987.0777638
"IsPETase_[V41,N279,E244,V81,G42,]",2.7012054920196533,290,1758469990.6436327
"IsPETase_[G210,F92,P15,G220,Y288,]",2.7836430072784424,290,1758469993.6083395
"IsPETase_[Y247,A53,P269,R144,P178,]",2.738478422164917,290,1758469996.751433
"IsPETase_[M253,V71,H215,L198,E4,]",2.743070125579834,290,1758469999.5912516
"IsPETase_[R85,N232,T226,Y151,L259,]",2.7766335010528564,290,1758470002.4089935
"IsPETase_[D286,R17,T171,S35,R9,]",2.7510902881622314,290,1758470005.2340324
"IsPETase_[F137,S19,K87,M56,T98,]",2.735316753387451,290,1758470008.7160387
"IsPETase_[F167,W281,C148,T112,R74,]",2.7509093284606934,290,1758470011.8636162
"IsPETase_[F180,P284,C232,A54,N70,]",2.7682993412017822,290,1758470014.6761842
"IsPETase_[E237,Q10,M151,T242,W280,]",2.7619824409484863,290,1758470017.5060906
"IsPETase_[L103,K239,A83,C35,S1,]",2.7672412395477295,290,1758470020.329146
"IsPETase_[N269,D97,M195,T75,V81,]",2.7466635704040527,290,1758470023.2588725
"IsPETase_[M167,T285,E282,A213,L139,]",2.70097279548645,290,1758470026.1589339
"IsPETase_[K182,E209,H137,P112,A250,]",2.7101857662200928,290,1758470029.1339839
"IsPETase_[T145,I234,M241,Q194,F72,]",2.721930980682373,290,1758470032.0247355
"IsPETase_[K32,C123,A235,S101,K276,]",2.7837183475494385,290,1758470034.8969996
"IsPETase_[G133,M282,E238,H264,C81,]",2.7237496376037598,290,1758470037.7194002
"IsPETase_[W169,C80,F247,M179,C123,]",2.746626853942871,290,1758470040.5401506
"IsPETase_[T150,T12,P65,C272,N170,]",2.7477738857269287,290,1758470043.357888
"IsPETase_[C166,G216,A265,T183,C284,]",2.7752504348754883,290,1758470046.1844945
"IsPETase_[M210,K251,S83,E255,M206,]",2.76265549659729,290,1758470049.006735
"IsPETase_[V229,Q222,N78,R135,E278,]",2.730297088623047,290,1758470051.8439126
"IsPETase_[M286,A151,N181,T99,I285,]",2.7168755531311035,290,1758470054.66201
"IsPETase_[M73,C164,R87,G148,D67,]",2.695603847503662,290,1758470057.4923866
"IsPETase_[K246,N216,Y162,R103,M210,]",2.7396035194396973,290,1758470060.3138518
"IsPETase_[G81,S268,H129,Q221,I142,]",2.7420313358306885,290,1758470063.1449237
"IsPETase_[Y18,Q92,N36,G213,I131,]",2.7353434562683105,290,1758470065.969539
"IsPETase_[L287,S241,S52,T254,E157,]",2.7283315658569336,290,1758470068.7856333
"IsPETase_[K288,T155,N279,E144,N220,]",2.722461462020874,290,1758470071.6087787
"IsPETase_[L155,G3,I4,I55,A197,]",2.733092784881592,290,1758470074.4303806
"IsPETase_[P266,P82,K73,M115,I149,]",2.6734211444854736,290,1758470077.253071
"IsPETase_[E136,E100,A160,L128,I198,]",2.64194393157959,290,1758470080.07502
"IsPETase_[T63,W64,W191,C51,A233,]",2.7801690101623535,290,1758470082.8939397
"IsPETase_[E88,G127,K120,N3,M197,]",2.718641757965088,290,1758470085.718331
"IsPETase_[G131,D100,L225,N209,R234,]",2.70953631401062,290,1758470088.5399714
"IsPETase_[I19,D217,V199,V98,I27,]",2.732025146484375,290,1758470091.3644407
"IsPETase_[W126,Q241,Q155,G211,H33,]",2.729360818862915,290,1758470094.1939962
"IsPETase_[W168,F180,E283,F179,F63,]",2.7584657669067383,290,1758470097.0234678
"IsPETase_[S62,N227,I72,T40,G260,]",2.7315549850463867,290,1758470099.8488235
"IsPETase_[M209,T188,F105,A107,H223,]",2.714120388031006,290,1758470102.6798646
"IsPETase_[G217,D227,P225,R15,H200,]",2.7486701011657715,290,1758470105.504583
"IsPETase_[P76,S25,M146,E153,I91,]",2.7150964736938477,290,1758470108.3264027
"IsPETase_[C121,D215,K211,V265,E86,]",2.73744535446167,290,1758470111.1511283
"IsPETase_[M231,I219,D72,N158,P48,]",2.7310664653778076,290,1758470113.967813
"IsPETase_[C156,R212,D95,H101,E232,]",2.7730062007904053,290,1758470116.7949529
"IsPETase_[V59,D63,I62,E121,Y66,]",2.711029529571533,290,1758470119.6148858
"IsPETase_[H40,K151,E182,S197,F38,]",2.739276170730591,290,1758470122.4480605
"IsPETase_[E127,V229,F128,I207,W110,]",2.7283284664154053,290,1758470125.276433
"IsPETase_[S231,R168,P176,W204,Y180,]",2.7595174312591553,290,1758470128.1436002
"IsPETase_[M44,G102,D199,W225,E134,]",2.727306604385376,290,1758470131.0872028
"IsPETase_[V90,F230,H212,E76,E227,]",2.704615354537964,290,1758470134.064997
"IsPETase_[A275,C130,K265,L112,L121,]",2.690856456756592,290,1758470136.8885021
"IsPETase_[L115,F45,D252,H147,K162,]",2.727019786834717,290,1758470139.7088752
"IsPETase_[G182,Y8,M64,F257,V168,]",2.7236735820770264,290,1758470142.558263
"IsPETase_[S147,L169,I65,W247,V105,]",2.7355780601501465,290,1758470145.3842084
"IsPETase_[E58,Q95,D82,M216,V61,]",2.713284730911255,290,1758470148.2075374
"IsPETase_[S38,H62,A137,C33,H236,]",2.7321181297302246,290,1758470151.0318062
"IsPETase_[K98,V280,E68,T45,P139,]",2.738257646560669,290,1758470153.8516974
"IsPETase_[W68,Y136,E105,V154,E16,]",2.7807559967041016,290,1758470156.6768444
"IsPETase_[S146,L69,Y202,L256,S8,]",2.7247021198272705,290,1758470159.4956002
"IsPETase_[D163,Y253,R226,T55,Y275,]",2.7510156631469727,290,1758470162.323936
"IsPETase_[S102,N252,L194,R58,H137,]",2.6991374492645264,290,1758470165.1537836
"IsPETase_[I137,Y95,Q113,T227,L53,]",2.758104085922241,290,1758470167.9915638
"IsPETase_[P64,G56,L60,I124,A36,]",2.6865439414978027,290,1758470170.822265
"IsPETase_[M64,E193,Q177,V150,R239,]",2.703826427459717,290,1758470173.6463454
"IsPETase_[T107,L246,F257,K183,M253,]",2.700263023376465,290,1758470176.482827
"IsPETase_[R180,M216,R166,Y56,S153,]",2.707763671875,290,1758470179.314499
"IsPETase_[Q86,N210,A64,H83,G144,]",2.7615702152252197,290,1758470182.148274
"IsPETase_[R130,K55,Q278,C9,D49,]",2.7180376052856445,290,1758470184.963344
"IsPETase_[D208,R261,H206,R217,D179,]",2.7566535472869873,290,1758470187.791262
"IsPETase_[M17,K212,L3,W259,R283,]",2.7303860187530518,290,1758470190.6188831
"IsPETase_[V242,H259,L185,H213,F9,]",2.699000120162964,290,1758470193.4509366
"IsPETase_[W224,E151,Q101,H108,H260,]",2.747968912124634,290,1758470196.27304
"IsPETase_[L14,C11,N285,G170,C30,]",2.751490592956543,290,1758470199.101266
"IsPETase_[Q42,A101,K233,C250,C31,]",2.804652214050293,290,1758470201.932671
"IsPETase_[I242,H116,L19,A196,P12,]",2.7065162658691406,290,1758470204.757931
"IsPETase_[Y136,P79,N189,P177,R64,]",2.704695701599121,290,1758470207.5984318
"IsPETase_[F28,L263,R17,I238,L135,]",2.7379183769226074,290,1758470210.4347637
"IsPETase_[S243,V25,S208,M74,K150,]",2.7628414630889893,290,1758470213.2621014
"IsPETase_[Q85,F7,P266,K122,R287,]",2.714120388031006,290,1758470216.1461973
"IsPETase_[E39,Y142,Y253,M141,Y135,]",2.719715118408203,290,1758470218.9679503
"IsPETase_[I155,S255,I143,K215,V38,]",2.7472338676452637,290,1758470221.7940185
"IsPETase_[T180,L19,E16,M233,S45,]",2.7566568851470947,290,1758470224.6128643
"IsPETase_[Y254,M253,E223,A131,P220,]",2.7421278953552246,290,1758470227.4485376
"IsPETase_[Q45,R7,R117,F107,I257,]",2.7228941917419434,290,1758470230.2897282
"IsPETase_[G194,N202,T129,L103,M21,]",2.7344837188720703,290,1758470233.1255548
"IsPETase_[A101,C232,E270,F15,R107,]",2.759121894836426,290,1758470235.9659436
"IsPETase_[Q55,Q107,M192,K185,S243,]",2.7120559215545654,290,1758470238.789464
"IsPETase_[T220,T108,P90,G127,W64,]",2.790071964263916,290,1758470241.6136148
"IsPETase_[R38,D56,K251,V188,P249,]",2.6636486053466797,290,1758470244.4325004
"IsPETase_[S167,S201,L182,V162,P94,]",2.7374584674835205,290,1758470247.2586865
"IsPETase_[G185,T35,V232,P13,S149,]",2.740002155303955,290,1758470250.0868697
"IsPETase_[M22,A164,S257,I134,G205,]",2.7161827087402344,290,1758470252.9037533
"IsPETase_[K79,I95,M180,N72,H16,]",2.7557854652404785,290,1758470255.7265139
"IsPETase_[I33,P236,E179,T276,M257,]",2.7579994201660156,290,1758470258.552238
"IsPETase_[L214,E219,N62,P11,Y118,]",2.73406720161438,290,1758470261.390985
"IsPETase_[K283,L121,G286,L255,S12,]",2.6957714557647705,290,1758470264.2482843
"IsPETase_[D241,W42,D139,M155,A86,]",2.6603336334228516,290,1758470267.0752769
"IsPETase_[Y128,R198,K114,E265,C71,]",2.7305004596710205,290,1758470269.8972898
"IsPETase_[T47,S251,W283,T157,W48,]",2.7856009006500244,290,1758470272.8265
"IsPETase_[Q194,E258,K30,E205,R271,]",2.692265272140503,290,1758470275.7538698
"IsPETase_[N36,T38,T5,M118,F9,]",2.7279202938079834,290,1758470278.5899253
"IsPETase_[T193,D35,F176,R76,W29,]",2.7284016609191895,290,1758470281.4509144
"IsPETase_[D191,D149,D207,A121,T199,]",2.699674606323242,290,1758470284.3471997
"IsPETase_[I68,P196,V178,H77,P114,]",2.6722559928894043,290,1758470287.1672068
"IsPETase_[E203,V280,I125,Q233,G73,]",2.7356343269348145,290,1758470289.9810007
"IsPETase_[L275,I113,G111,C8,K48,]",2.691126585006714,290,1758470292.8289056
"IsPETase_[H79,A155,N131,T120,G115,]",2.745303153991699,290,1758470295.6523478
"IsPETase_[M238,M60,C212,I269,I234,]",2.7220678329467773,290,1758470298.4716785
"IsPETase_[P225,I8,T209,V269,L168,]",2.7374958992004395,290,1758470301.2944427
"IsPETase_[C201,V53,P77,D256,A131,]",2.7858102321624756,290,1758470304.106392
"IsPETase_[C95,Y104,I12,V8,G229,]",2.768497943878174,290,1758470306.9259663
"IsPETase_[D274,F207,R180,K124,Y270,]",2.723980665206909,290,1758470309.7370956
"IsPETase_[D31,P279,C35,N4,P248,]",2.7240307331085205,290,1758470312.5546699
"IsPETase_[Y284,Y65,Q184,S80,K201,]",2.737654447555542,290,1758470315.7116802
"IsPETase_[F175,G206,T257,I53,K228,]",2.7649261951446533,290,1758470318.576017
"IsPETase_[P164,Y287,D65,H130,Y19,]",2.7359607219696045,290,1758470321.448905
"IsPETase_[E87,A58,T255,P67,K183,]",2.6954126358032227,290,1758470324.268528
"IsPETase_[V226,L175,W152,L123,A26,]",2.707041025161743,290,1758470327.1325674
"IsPETase_[R93,I171,T160,R200,K73,]",2.66269588470459,290,1758470329.9498224
"IsPETase_[D227,C169,H250,M115,I138,]",2.73763370513916,290,1758470332.7711425
"IsPETase_[E120,N16,N131,L124,N289,]",2.7064521312713623,290,1758470335.5871904
"IsPETase_[Q65,K208,W213,H150,T181,]",2.716604709625244,290,1758470338.4019432
"IsPETase_[R252,V186,G183,M218,S197,]",2.728386402130127,290,1758470341.219005
"IsPETase_[Y10,T139,R166,K201,A56,]",2.70241117477417,290,1758470344.0332642
"IsPETase_[R56,I164,R157,K42,Y289,]",2.6489319801330566,290,1758470346.8498552
"IsPETase_[E167,N118,D188,H146,E5,]",2.6959071159362793,290,1758470349.670308
"IsPETase_[L42,A213,D177,F130,N8,]",2.6971676349639893,290,1758470352.4926436
"IsPETase_[I77,Q183,Q185,G85,R64,]",2.7203803062438965,290,1758470355.3109012
"IsPETase_[S235,E148,V206,V173,I118,]",2.72558331489563,290,1758470358.1287766
"IsPETase_[W106,P172,Q123,L110,D173,]",2.6811327934265137,290,1758470360.95313
"IsPETase_[H59,L221,D152,F263,S51,]",2.7222952842712402,290,1758470363.7821543
"IsPETase_[K53,K254,F250,M153,F14,]",2.695037841796875,290,1758470366.6040747
"IsPETase_[Q22,N148,R183,I259,G203,]",2.7431299686431885,290,1758470369.4197779
"IsPETase_[D226,I42,D22,W73,L168,]",2.7202260494232178,290,1758470372.2444365
"IsPETase_[Y61,Y120,H283,W106,C248,]",2.727351427078247,290,1758470375.0591798
"IsPETase_[L134,W255,D161,V200,G102,]",2.705772876739502,290,1758470377.8748364
"IsPETase_[T75,W173,S280,M168,I82,]",2.7397544384002686,290,1758470380.7006953
"IsPETase_[L61,A58,P272,R82,G246,]",2.7075462341308594,290,1758470383.5479188
"IsPETase_[L95,V197,N98,I213,Q165,]",2.7322936058044434,290,1758470386.364421
"IsPETase_[I181,F6,H136,E276,E128,]",2.6814379692077637,290,1758470389.1793132
"IsPETase_[D166,F252,K221,Y88,E22,]",2.7357800006866455,290,1758470391.997747
"IsPETase_[C21,Y240,N143,Q237,A32,]",2.7425103187561035,290,1758470394.8174968
"IsPETase_[V273,S231,G52,E143,T38,]",2.7566468715667725,290,1758470397.6330085
"IsPETase_[Y198,H160,W135,H147,P20,]",2.725733518600464,290,1758470400.4505603
"IsPETase_[Q200,Q274,I235,Q110,W103,]",2.7206809520721436,290,1758470403.2701886
"IsPETase_[D107,F257,C212,T155,W227,]",2.703742265701294,290,1758470406.0905633
"IsPETase_[T118,E174,Y224,M90,H290,]",2.692565441131592,290,1758470408.9085371
"IsPETase_[N3,C154,A75,D196,T17,]",2.736299514770508,290,1758470411.726963
"IsPETase_[V82,Q246,Q121,D235,I132,]",2.732555627822876,290,1758470414.539782
"IsPETase_[Y115,T182,C38,C220,P148,]",2.754451274871826,290,1758470417.3591657
"IsPETase_[N83,R249,F134,W29,F99,]",2.774441719055176,290,1758470420.174953
"IsPETase_[C209,M233,W156,K141,H64,]",2.708767890930176,290,1758470422.9896522
"IsPETase_[N150,I66,D266,L253,W286,]",2.7246415615081787,290,1758470425.8067563
"IsPETase_[V2,N65,H101,T262,Y239,]",2.790717363357544,290,1758470428.6307867
"IsPETase_[F51,W146,K5,N13,W209,]",2.739281177520752,290,1758470431.45294
"IsPETase_[P290,H201,W12,Q178,Y252,]",2.7286884784698486,290,1758470434.2674117
"IsPETase_[S62,E152,Q263,L219,H90,]",2.7092905044555664,290,1758470437.1072752
"IsPETase_[C23,M243,Y183,I27,L134,]",2.725409984588623,290,1758470439.9491506
"IsPETase_[F130,L181,F267,C284,V246,]",2.714794635772705,290,1758470442.7782524
"IsPETase_[D213,K207,Y8,R254,A222,]",2.6361324787139893,290,1758470445.6162412
"IsPETase_[D93,Q252,L184,L217,S202,]",2.6977086067199707,290,1758470448.4397466
"IsPETase_[R177,S36,Y160,E246,C121,]",2.695260524749756,290,1758470451.2712073
"IsPETase_[A43,S180,S81,M107,G261,]",2.7654221057891846,290,1758470454.0843358
"IsPETase_[K78,V85,Y20,K117,Q249,]",2.7467496395111084,290,1758470456.9083226
"IsPETase_[T250,M175,V35,E260,P166,]",2.7266199588775635,290,1758470459.7288756
"IsPETase_[I120,E172,F231,R250,S2,]",2.7024688720703125,290,1758470462.5487304
"IsPETase_[A227,S237,H1,S83,S155,]",2.728459119796753,290,1758470465.3770802
"IsPETase_[C235,V20,R269,D4,E82,]",2.7542543411254883,290,1758470468.2012203
"IsPETase_[T221,E135,D78,A232,R77,]",2.7357420921325684,290,1758470471.0236025
"IsPETase_[M255,P23,W148,K165,T226,]",2.7580432891845703,290,1758470473.837387
"IsPETase_[F181,Q236,T177,R237,L80,]",2.6743905544281006,290,1758470476.6812706
"IsPETase_[T138,Y104,I53,K20,N122,]",2.7642204761505127,290,1758470479.496476
"IsPETase_[A28,V138,G161,D98,A189,]",2.7136454582214355,290,1758470482.3229573
"IsPETase_[V264,L76,K176,A205,E46,]",2.7221412658691406,290,1758470485.1376479
"IsPETase_[S55,C96,P72,M266,C110,]",2.750812530517578,290,1758470487.9630003
"IsPETase_[T155,D97,K199,K133,F189,]",2.714419364929199,290,1758470490.881807
"IsPETase_[D24,Y72,K226,I193,N155,]",2.7369158267974854,290,1758470493.725707
"IsPETase_[T205,W282,G238,L159,N197,]",2.74505615234375,290,1758470496.5585158
"IsPETase_[G50,C210,H37,K79,T30,]",2.7506825923919678,290,1758470499.406404
"IsPETase_[F241,K153,N266,Q104,K145,]",2.701861619949341,290,1758470502.229508
"IsPETase_[G57,I209,H1,R165,N50,]",2.6892685890197754,290,1758470505.114133
"IsPETase_[H69,A110,L63,T25,L150,]",2.7509915828704834,290,1758470507.9421847
"IsPETase_[R265,L36,P15,T85,L279,]",2.7323102951049805,290,1758470510.7730613
"IsPETase_[M196,T210,R112,I271,C3,]",2.7343075275421143,290,1758470513.5893936
"IsPETase_[V64,Q278,Y48,R262,S6,]",2.7508137226104736,290,1758470516.4130926
"IsPETase_[I38,Y165,K102,M184,Y170,]",2.7229065895080566,290,1758470519.2257068
"IsPETase_[Y147,V177,G222,D178,E248,]",2.744546890258789,290,1758470522.0495393
"IsPETase_[P90,W201,I176,I87,L6,]",2.712214469909668,290,1758470524.8674567
"IsPETase_[I213,V148,K39,F35,H88,]",2.702996015548706,290,1758470527.6921544
"IsPETase_[Q62,D251,R141,K37,A15,]",2.686753034591675,290,1758470530.5116458
"IsPETase_[F29,E105,E193,G208,R238,]",2.7143311500549316,290,1758470533.3291304
"IsPETase_[I67,R181,W202,P57,D25,]",2.7246475219726562,290,1758470536.152377
"IsPETase_[T137,R215,E135,T111,Q219,]",2.76285719871521,290,1758470538.9637358
"IsPETase_[F25,A274,R15,L5,K113,]",2.7576935291290283,290,1758470541.7771232
"IsPETase_[E145,Y36,S165,H175,N276,]",2.7062463760375977,290,1758470544.5910034
"IsPETase_[E142,K110,D221,E6,L42,]",2.628844976425171,290,1758470547.422405
"IsPETase_[C74,W71,A77,T46,A269,]",2.754901170730591,290,1758470550.237103
"IsPETase_[W219,P56,T230,L63,K93,]",2.691075563430786,290,1758470553.0509958
"IsPETase_[T58,H178,T209,C245,I259,]",2.750546932220459,290,1758470555.872828
"IsPETase_[K60,N218,I254,M97,K68,]",2.688551664352417,290,1758470558.702226
"IsPETase_[P282,Y224,G167,R190,N176,]",2.74310302734375,290,1758470561.523873
"IsPETase_[L123,A60,S150,S144,T74,]",2.7299611568450928,290,1758470564.3326502
"IsPETase_[K26,I231,Y67,C264,P63,]",2.7225542068481445,290,1758470567.1731167
"IsPETase_[G14,T89,K8,E256,Q63,]",2.7134368419647217,290,1758470570.0179272
"IsPETase_[T111,D180,I64,A118,G34,]",2.7221267223358154,290,1758470573.0686681
"IsPETase_[E46,E200,W33,E120,T284,]",2.729630708694458,290,1758470577.367254
"IsPETase_[T47,Y271,A16,M290,K270,]",2.710615396499634,290,1758470580.2937143
"IsPETase_[A163,F195,D90,M215,H89,]",2.683412790298462,290,1758470583.13937
"IsPETase_[M248,I253,W281,G136,R23,]",2.7614238262176514,290,1758470585.9748726
"IsPETase_[Q202,T240,R77,Q97,G67,]",2.738379955291748,290,1758470588.8130147
"IsPETase_[Q283,W240,R227,G160,T261,]",2.6309030055999756,290,1758470591.6907892
"IsPETase_[T272,N61,S112,A123,W226,]",2.7051751613616943,290,1758470594.5149417
"IsPETase_[I155,S110,F231,S144,N177,]",2.730393409729004,290,1758470597.3436527
"IsPETase_[K207,W109,N55,N171,F242,]",2.6841366291046143,290,1758470600.1628823
"IsPETase_[C106,H12,H137,A147,D110,]",2.7670891284942627,290,1758470602.9918542
"IsPETase_[T78,Q264,D281,T53,P103,]",2.747814655303955,290,1758470605.8177388
"IsPETase_[Q107,I32,H161,K4,Q169,]",2.7290191650390625,290,1758470608.640673
"IsPETase_[Y169,F227,F202,T28,A118,]",2.7201836109161377,290,1758470611.4704769
"IsPETase_[N127,S286,D279,F137,W61,]",2.7274537086486816,290,1758470614.383834
"IsPETase_[L32,E33,W162,I115,Q128,]",2.745523452758789,290,1758470617.206687
"IsPETase_[N167,C37,Y217,D231,F15,]",2.7646102905273438,290,1758470620.0241303
"IsPETase_[V205,H171,K113,I221,N21,]",2.725646734237671,290,1758470622.8889031
"IsPETase_[I49,H183,K279,Y225,Y119,]",2.707235097885132,290,1758470625.7203171
"IsPETase_[F176,E276,C97,Y141,N19,]",2.7328851222991943,290,1758470628.5484607
"IsPETase_[P198,Q18,E112,A107,H287,]",2.746068239212036,290,1758470631.3733943
"IsPETase_[D24,N96,N209,A269,C213,]",2.7434310913085938,290,1758470634.192516
"IsPETase_[K154,C123,S106,R233,D274,]",2.721649646759033,290,1758470637.0207946
"IsPETase_[E171,M32,S249,H7,H153,]",2.7340214252471924,290,1758470639.8420587
"IsPETase_[M133,S248,M235,G25,M137,]",2.749314785003662,290,1758470642.6707582
"IsPETase_[C3,T19,T187,Q81,F60,]",2.7503836154937744,290,1758470645.4934776
"IsPETase_[A227,I106,D264,N83,I96,]",2.7186179161071777,290,1758470648.327576
"IsPETase_[V70,A225,A122,H118,C49,]",2.7435898780822754,290,1758470651.1624672
"IsPETase_[R232,V124,K136,V175,I52,]",2.6974527835845947,290,1758470653.9807217
"IsPETase_[Y49,K147,L66,Y78,P227,]",2.726102828979492,290,1758470656.8112068
"IsPETase_[W121,L136,L49,F125,P249,]",2.7281274795532227,290,1758470659.6342573
"IsPETase_[D104,L164,H34,C89,W217,]",2.7185351848602295,290,1758470662.4621887
"IsPETase_[P189,H248,W67,N168,P257,]",2.7229950428009033,290,1758470665.2841449
"IsPETase_[K67,K65,L285,I33,A270,]",2.69997239112854,290,1758470668.1095157
"IsPETase_[C168,M61,E55,F286,Y142,]",2.7215163707733154,290,1758470670.9341085
"IsPETase_[E175,P258,C240,H94,N29,]",2.7257304191589355,290,1758470673.753579
"IsPETase_[K76,C86,W11,D236,Y135,]",2.7257649898529053,290,1758470676.5912657
"IsPETase_[N72,I147,W69,C89,F160,]",2.767090082168579,290,1758470679.405894
"IsPETase_[E52,D29,Y267,C65,I147,]",2.7422103881835938,290,1758470682.2273257
"IsPETase_[H149,K165,G246,G148,D254,]",2.7052149772644043,290,1758470685.048627
"IsPETase_[R174,T100,Y34,K220,F227,]",2.7457845211029053,290,1758470687.8684797
"IsPETase_[D86,L31,K167,Y277,L114,]",2.6957156658172607,290,1758470690.6969676
"IsPETase_[G91,H233,T221,D281,A70,]",2.720719337463379,290,1758470693.5125525
"IsPETase_[Y257,Q25,Y58,E202,I251,]",2.7205331325531006,290,1758470696.3485737
"IsPETase_[D84,V115,G135,M229,G156,]",2.7289047241210938,290,1758470699.166029
"IsPETase_[P178,V56,K101,D282,W241,]",2.723433017730713,290,1758470701.9941723
"IsPETase_[D84,Q176,I207,L274,H264,]",2.6919283866882324,290,1758470704.81025
"IsPETase_[E83,H182,D15,E24,N209,]",2.7869842052459717,290,1758470707.63895
"IsPETase_[Q44,V29,W111,M74,T223,]",2.7481913566589355,290,1758470710.4688866
"IsPETase_[I275,F8,R250,Y79,R151,]",2.745206832885742,290,1758470713.2919114
"IsPETase_[T290,V87,G171,G9,I80,]",2.7438290119171143,290,1758470716.1130445
"IsPETase_[W4,H144,T90,W275,I137,]",2.748300075531006,290,1758470718.932581
"IsPETase_[D238,V269,Y112,V8,C182,]",2.753150224685669,290,1758470721.7637963
"IsPETase_[P102,D115,P202,D40,R138,]",2.7174699306488037,290,1758470724.581538
"IsPETase_[V265,V203,R95,A217,K87,]",2.76385498046875,290,1758470727.4079049
"IsPETase_[Q288,P178,W267,L54,F45,]",2.736504316329956,290,1758470730.229405
"IsPETase_[Q35,Q232,R105,E6,E103,]",2.734562635421753,290,1758470733.0506847
"IsPETase_[T181,L217,W179,M85,D190,]",2.7071118354797363,290,1758470735.8736444
"IsPETase_[C235,L10,I77,L246,S110,]",2.7265255451202393,290,1758470738.6930947
"IsPETase_[H215,P175,F38,D11,Y266,]",2.7338244915008545,290,1758470741.518207
"IsPETase_[D183,N182,A268,C112,P259,]",2.7447879314422607,290,1758470744.3950725
"IsPETase_[I159,V246,N1,H126,I121,]",2.7138614654541016,290,1758470747.2224052
"IsPETase_[Q25,N42,Q53,W57,T24,]",2.7774832248687744,290,1758470750.0377781
"IsPETase_[Q151,M145,V12,F28,R188,]",2.7416200637817383,290,1758470752.8694296
"IsPETase_[F132,E219,N266,A85,F24,]",2.8049068450927734,290,1758470755.6955533
"IsPETase_[K43,W199,W13,T277,S35,]",2.738645553588867,290,1758470758.5108027
"IsPETase_[V44,A269,E176,Y23,M197,]",2.7339656352996826,290,1758470761.3350716
"IsPETase_[E135,F178,L55,F275,V113,]",2.720280170440674,290,1758470764.1500661
"IsPETase_[K44,H7,L140,H275,T64,]",2.6955010890960693,290,1758470766.9730632
"IsPETase_[K48,T87,P203,D106,V118,]",2.7108256816864014,290,1758470769.798732
"IsPETase_[S155,D65,N235,S113,D260,]",2.7035560607910156,290,1758470772.623597
"IsPETase_[G177,H201,Q7,T274,A247,]",2.7399210929870605,290,1758470775.4476218
"IsPETase_[H278,V104,W228,M9,G222,]",2.7918307781219482,290,1758470778.2679958
"IsPETase_[T210,T42,V62,Q192,K73,]",2.719165563583374,290,1758470781.0930421
"IsPETase_[Q271,W144,F28,L182,K184,]",2.734909772872925,290,1758470783.9345374
"IsPETase_[I144,F80,W17,C118,H102,]",2.740756034851074,290,1758470786.7638514
"IsPETase_[W91,H211,Q201,L258,G57,]",2.7177140712738037,290,1758470789.598868
"IsPETase_[A218,P35,F100,W281,G278,]",2.760357618331909,290,1758470792.4292321
"IsPETase_[Y244,S29,I33,W250,E94,]",2.7119579315185547,290,1758470795.2527547
"IsPETase_[N217,I96,H191,N160,M50,]",2.7019741535186768,290,1758470798.0731955
"IsPETase_[H207,D91,S87,A200,C247,]",2.709343910217285,290,1758470800.8981438
"IsPETase_[M197,I256,G26,H198,R158,]",2.7566726207733154,290,1758470803.7227018
"IsPETase_[P173,E195,S182,K256,D24,]",2.729031801223755,290,1758470806.5474658
"IsPETase_[K189,P256,Y266,A210,V126,]",2.7500274181365967,290,1758470809.3670814
"IsPETase_[P243,Q45,Y79,S218,V85,]",2.7454617023468018,290,1758470812.189336
"IsPETase_[R161,A79,T70,Q27,P186,]",2.7423062324523926,290,1758470815.0077791
"IsPETase_[F21,T9,M206,G278,P87,]",2.745835304260254,290,1758470817.8293157
"IsPETase_[V25,Q83,Y40,M22,Q254,]",2.7546186447143555,290,1758470820.6584644
"IsPETase_[C17,M184,A141,L133,W8,]",2.757652759552002,290,1758470823.488671
"IsPETase_[H133,M210,L33,P271,W25,]",2.763028383255005,290,1758470826.3371415
"IsPETase_[E3,C71,K49,V162,L123,]",2.707628011703491,290,1758470829.1586354
"IsPETase_[W165,I263,T232,Y177,Q22,]",2.7523012161254883,290,1758470831.9825265
"IsPETase_[V70,G228,H13,R60,Y116,]",2.698030710220337,290,1758470834.7987387
"IsPETase_[A161,M118,N213,N124,Q179,]",2.7057650089263916,290,1758470837.6329238
"IsPETase_[N250,D123,T11,M141,A19,]",2.748295307159424,290,1758470840.4627173
"IsPETase_[P186,L68,P29,D95,K6,]",2.722090721130371,290,1758470843.2793274
"IsPETase_[H290,E226,T144,I150,F266,]",2.7108898162841797,290,1758470846.1148505
"IsPETase_[E66,Y132,G114,M93,K14,]",2.7306442260742188,290,1758470848.9354777
"IsPETase_[H149,W157,Q258,W204,R6,]",2.7473185062408447,290,1758470851.7714295
"IsPETase_[V39,A269,Y37,N247,H281,]",2.7610232830047607,290,1758470854.5869458
"IsPETase_[T45,C141,N82,L231,P259,]",2.7496533393859863,290,1758470857.4138887
"IsPETase_[M48,R229,W73,E150,V137,]",2.759036064147949,290,1758470860.2437196
"IsPETase_[T55,F246,A59,Q215,A119,]",2.750431776046753,290,1758470863.0999374
"IsPETase_[G156,L268,W260,A2,V230,]",2.742293357849121,290,1758470865.920827
"IsPETase_[Y25,W138,V220,C23,G45,]",2.777406692504883,290,1758470868.7427473
"IsPETase_[S163,P26,T68,N231,G256,]",2.7513747215270996,290,1758470871.5655282
"IsPETase_[W169,A204,W108,C48,M66,]",2.7950141429901123,290,1758470874.3834152
"IsPETase_[P84,V44,S229,K53,N160,]",2.674628257751465,290,1758470877.206461
"IsPETase_[R56,Y167,V243,S101,G166,]",2.698873519897461,290,1758470880.020435
"IsPETase_[S31,Q10,G199,V20,W259,]",2.7796952724456787,290,1758470882.862703
"IsPETase_[H77,W200,I187,M164,M98,]",2.677637815475464,290,1758470885.6876252
"IsPETase_[K142,N80,M101,V247,P280,]",2.6972873210906982,290,1758470888.5064118
"IsPETase_[T222,N156,E181,R251,T215,]",2.7298433780670166,290,1758470891.3328683
"IsPETase_[K275,P117,N151,V49,P74,]",2.7584142684936523,290,1758470894.1610484
"IsPETase_[D177,A103,L143,W260,A253,]",2.7252883911132812,290,1758470896.9905107
"IsPETase_[M146,W7,I264,E58,V289,]",2.7038750648498535,290,1758470899.8101437
"IsPETase_[E215,R96,Q36,L37,D218,]",2.693209409713745,290,1758470902.6351004
"IsPETase_[Y104,R223,M257,L209,A107,]",2.7060585021972656,290,1758470905.4603822
"IsPETase_[N174,R187,N139,G4,I281,]",2.7484781742095947,290,1758470908.2806566
"IsPETase_[M13,V183,N216,R105,K133,]",2.75068998336792,290,1758470911.105736
"IsPETase_[H37,G290,M190,C193,I207,]",2.667842388153076,290,1758470913.933187
"IsPETase_[I164,I85,F283,S80,E241,]",2.736499547958374,290,1758470916.7671354
"IsPETase_[M189,L169,R79,R263,T46,]",2.714770555496216,290,1758470919.5862594
"IsPETase_[Q215,I134,S11,L170,Y224,]",2.722383737564087,290,1758470922.4164119
"IsPETase_[E143,V26,C73,M194,Q160,]",2.6921286582946777,290,1758470925.2414923
"IsPETase_[H218,E207,H20,F251,N250,]",2.7162699699401855,290,1758470928.0643036
"IsPETase_[W259,I45,C173,L37,W98,]",2.752063512802124,290,1758470930.8921502
"IsPETase_[K123,G177,F52,T81,R55,]",2.7126619815826416,290,1758470933.7122846
"IsPETase_[P245,A223,E181,V204,N112,]",2.728855848312378,290,1758470936.5372078
"IsPETase_[C127,R176,D57,G143,E137,]",2.731553077697754,290,1758470939.3527243
"IsPETase_[D204,V164,S232,K174,D214,]",2.6994452476501465,290,1758470942.1791294
"IsPETase_[V74,W102,V4,Y281,N164,]",2.7494099140167236,290,1758470945.0074615
"IsPETase_[L86,A207,A19,C154,H234,]",2.7165606021881104,290,1758470947.8351324
"IsPETase_[G23,Y220,W198,K158,C148,]",2.7575843334198,290,1758470950.6554143
"IsPETase_[G273,Y114,I112,N89,F144,]",2.738917112350464,290,1758470953.4730487
"IsPETase_[P127,C146,Y72,Q168,S211,]",2.7493503093719482,290,1758470956.2959063
"IsPETase_[R151,A87,T131,V267,K277,]",2.7225401401519775,290,1758470959.1130474
"IsPETase_[T185,F221,M109,T212,L151,]",2.715662717819214,290,1758470961.9525
"IsPETase_[N122,H45,Q283,S111,M230,]",2.7178988456726074,290,1758470964.8427331
"IsPETase_[M38,M278,R245,H281,C181,]",2.7359819412231445,290,1758470967.657627
"IsPETase_[C8,R211,C12,T154,Q156,]",2.7659833431243896,290,1758470970.4763649
"IsPETase_[T214,W138,P122,K5,F140,]",2.714909315109253,290,1758470973.3567455
"IsPETase_[Q24,P47,R217,H220,Q174,]",2.7342019081115723,290,1758470976.1741047
"IsPETase_[C101,F239,C267,R252,W60,]",2.7603278160095215,290,1758470979.0002532
"IsPETase_[V94,H264,Q234,T36,R245,]",2.685976266860962,290,1758470981.8227482
"IsPETase_[R275,I65,Y51,L13,R157,]",2.7162423133850098,290,1758470984.6654072
"IsPETase_[F236,N279,K56,E185,I45,]",2.6314284801483154,290,1758470987.486579
"IsPETase_[Y54,F129,D188,R155,H56,]",2.6676394939422607,290,1758470990.2994516
"IsPETase_[Y170,E58,Q192,I215,K110,]",2.6489686965942383,290,1758470993.1085298
"IsPETase_[H181,V18,E269,W219,E111,]",2.734086036682129,290,1758470995.9402604
"IsPETase_[R195,H134,Q157,F91,K275,]",2.726168155670166,290,1758470998.783036
"IsPETase_[I279,F197,W282,P40,N59,]",2.769864797592163,290,1758471001.6090996
"IsPETase_[A203,F62,K233,F167,E208,]",2.7366909980773926,290,1758471004.422247
"IsPETase_[T217,A114,V12,Q230,F290,]",2.740057945251465,290,1758471007.2446425
"IsPETase_[G222,S17,Q29,I183,G100,]",2.7412619590759277,290,1758471010.0556428
"IsPETase_[T167,H235,E74,Y147,S191,]",2.7555992603302,290,1758471012.8775277
"IsPETase_[L104,K249,S81,Y100,W131,]",2.758485794067383,290,1758471015.694374
"IsPETase_[P231,H152,K121,Y175,Q178,]",2.672659397125244,290,1758471018.5069199
"IsPETase_[A283,N230,G245,R281,K48,]",2.7387681007385254,290,1758471021.3232262
"IsPETase_[F246,N289,Y189,G125,R129,]",2.666609525680542,290,1758471024.1374116
"IsPETase_[Q54,V259,H113,F23,N189,]",2.722872495651245,290,1758471026.9620044
"IsPETase_[W162,P115,C121,M233,Y137,]",2.72640323638916,290,1758471029.7742763
"IsPETase_[E53,F148,C250,C6,M37,]",2.75551176071167,290,1758471032.5904117
"IsPETase_[M61,K62,Q278,G95,R206,]",2.7199180126190186,290,1758471035.4128246
"IsPETase_[F126,F98,R117,N270,D143,]",2.7313425540924072,290,1758471038.225717
"IsPETase_[N109,C151,G241,W127,D139,]",2.7212276458740234,290,1758471041.0421386
"IsPETase_[P242,V284,R271,E6,T155,]",2.7048487663269043,290,1758471043.8524363
"IsPETase_[G117,V217,H132,D201,N40,]",2.7622857093811035,290,1758471046.6788566
"IsPETase_[K18,M117,P166,P119,K287,]",2.738617420196533,290,1758471049.492034
"IsPETase_[K247,Y157,S119,D194,R31,]",2.7199628353118896,290,1758471052.3105168
"IsPETase_[Y228,T271,N26,Q194,N151,]",2.7584431171417236,290,1758471055.135095
"IsPETase_[R236,P100,D127,C257,M273,]",2.7362704277038574,290,1758471057.9475868
"IsPETase_[V56,K117,S273,F84,L148,]",2.7268195152282715,290,1758471060.7649534
"IsPETase_[V25,E265,E235,L274,T40,]",2.7279865741729736,290,1758471063.5746872
