Protein_ID,Residue_ID,Atom_ID,x,y,z
SRR4128967_345579,carbonyl,C,20.369,33.875,97.714
SRR4128967_345579,carbonyl,O,20.764,34.941,97.282
SRR4128967_345579,ring_end,C,16.441,33.263,99.355
SRR4128967_345579,carbonyl,C,23.841,35.31,98.943
SRR4128967_345579,carbonyl,O,22.835,35.898,98.6
SRR4128967_345579,ring_end,C,27.557,37.416,99.367
AR######_56,carbonyl,C,18.427,33.811,97.355
AR######_56,carbonyl,O,17.664,34.755,97.274
AR######_56,ring_end,C,17.808,30.019,95.425
AR######_56,carbonyl,C,23.751,34.652,98.745
AR######_56,carbonyl,O,23.903,33.468,98.971
AR######_56,ring_end,C,27.061,37.361,99.103
SRR14073695_33712,carbonyl,C,17.755,34.678,96.36
SRR14073695_33712,carbonyl,O,17.183,35.197,95.42
SRR14073695_33712,ring_end,C,16.012,31.845,99.084
SRR14073695_33712,carbonyl,C,22.809,35.375,96.237
SRR14073695_33712,carbonyl,O,23.061,35.617,95.073
SRR14073695_33712,ring_end,C,25.924,35.883,99.145
SRR14865845_60467,carbonyl,C,21.952,32.702,94.832
SRR14865845_60467,carbonyl,O,20.837,32.296,95.098
SRR14865845_60467,ring_end,C,23.389,32.644,90.78
SRR14865845_60467,carbonyl,C,24.146,34.782,98.635
SRR14865845_60467,carbonyl,O,23.348,34.31,99.42
SRR14865845_60467,ring_end,C,27.406,37.451,99.45
AR######_86,carbonyl,C,16.958,34.426,98.567
AR######_86,carbonyl,O,16.44,34.676,99.638
AR######_86,ring_end,C,17.188,30.37,97.156
AR######_86,carbonyl,C,21.195,34.813,97.429
AR######_86,carbonyl,O,20.896,33.824,96.787
AR######_86,ring_end,C,25.338,35.388,98.393
SRR26587149_857731,carbonyl,C,28.024,38.11,99.966
SRR26587149_857731,carbonyl,O,28.834,37.975,100.864
SRR26587149_857731,ring_end,C,25.877,41.785,99.358
SRR26587149_857731,carbonyl,C,25.084,36.186,98.194
SRR26587149_857731,carbonyl,O,25.181,36.979,97.278
SRR26587149_857731,ring_end,C,21.937,33.321,98.752
SRR8240096_94099,carbonyl,C,18.2,35.032,97.909
SRR8240096_94099,carbonyl,O,18.288,36.232,98.081
SRR8240096_94099,ring_end,C,15.405,32.616,100.11
SRR8240096_94099,carbonyl,C,21.678,35.654,97.245
SRR8240096_94099,carbonyl,O,21.284,35.876,96.116
SRR8240096_94099,ring_end,C,25.745,35.713,98.612
SRR10408973_194281,carbonyl,C,20.063,36.084,95.407
SRR10408973_194281,carbonyl,O,19.759,36.393,94.271
SRR10408973_194281,ring_end,C,17.39,34.44,98.347
SRR10408973_194281,carbonyl,C,23.869,34.496,99.147
SRR10408973_194281,carbonyl,O,23.557,33.819,100.107
SRR10408973_194281,ring_end,C,27.066,37.355,99.006
SRR24956186_742414,carbonyl,C,27.074,36.296,100.134
SRR24956186_742414,carbonyl,O,27.227,35.495,101.036
SRR24956186_742414,ring_end,C,30.133,38.845,98.511
SRR24956186_742414,carbonyl,C,23.174,33.368,98.605
SRR24956186_742414,carbonyl,O,23.679,32.621,99.42
SRR24956186_742414,ring_end,C,18.929,33.997,98.617
SRR15430510_32059,carbonyl,C,22.314,36.297,97.648
SRR15430510_32059,carbonyl,O,22.051,35.7,96.622
SRR15430510_32059,ring_end,C,26.385,36.47,99.024
SRR15430510_32059,carbonyl,C,17.764,34.209,97.579
SRR15430510_32059,carbonyl,O,16.791,34.351,98.293
SRR15430510_32059,ring_end,C,18.798,30.294,96.157
SRR5583254_6888706,carbonyl,C,28.683,38.94,99.574
SRR5583254_6888706,carbonyl,O,29.456,39.35,100.419
SRR5583254_6888706,ring_end,C,29.733,38.762,95.408
SRR5583254_6888706,carbonyl,C,25.113,35.818,98.521
SRR5583254_6888706,carbonyl,O,25.297,36.518,97.544
SRR5583254_6888706,ring_end,C,21.642,33.298,98.662
MGYP001010025864A,carbonyl,C,29.245,40.575,99.706
MGYP001010025864A,carbonyl,O,28.386,41.433,99.637
MGYP001010025864A,ring_end,C,30.213,38.324,103.24
MGYP001010025864A,carbonyl,C,28.445,36.111,98.617
MGYP001010025864A,carbonyl,O,28.879,35.267,97.858
MGYP001010025864A,ring_end,C,25.057,35.046,101.028
SRR7548956_74754,carbonyl,C,26.606,35.683,100.209
SRR7548956_74754,carbonyl,O,27.206,35.023,101.036
SRR7548956_74754,ring_end,C,28.305,38.908,97.928
SRR7548956_74754,carbonyl,C,22.678,33.375,99.236
SRR7548956_74754,carbonyl,O,23.363,32.485,99.7
SRR7548956_74754,ring_end,C,18.508,32.82,98.387
SRR14099998_4346,carbonyl,C,22.024,36.534,97.248
SRR14099998_4346,carbonyl,O,22.625,37.314,97.961
SRR14099998_4346,ring_end,C,17.987,35.426,98.233
SRR14099998_4346,carbonyl,C,24.929,34.895,98.84
SRR14099998_4346,carbonyl,O,24.339,34.283,99.709
SRR14099998_4346,ring_end,C,27.982,37.865,99.364
ERR2241851_78442,carbonyl,C,17.959,34.647,98.24
ERR2241851_78442,carbonyl,O,17.704,35.46,99.108
ERR2241851_78442,ring_end,C,15.791,30.953,97.86
ERR2241851_78442,carbonyl,C,22.823,34.364,96.385
ERR2241851_78442,carbonyl,O,23.222,33.858,95.355
ERR2241851_78442,ring_end,C,25.762,35.83,99.147
SRR25158249_220564,carbonyl,C,19.429,35.156,97.041
SRR25158249_220564,carbonyl,O,19.158,36.22,97.563
SRR25158249_220564,ring_end,C,16.908,31.673,97.128
SRR25158249_220564,carbonyl,C,23.997,33.98,98.646
SRR25158249_220564,carbonyl,O,23.718,33.327,99.633
SRR25158249_220564,ring_end,C,26.247,37.63,98.471
SRR14527628_79383,carbonyl,C,21.478,34.335,95.83
SRR14527628_79383,carbonyl,O,20.839,33.567,96.525
SRR14527628_79383,ring_end,C,23.095,33.419,91.952
SRR14527628_79383,carbonyl,C,24.22,35.662,98.623
SRR14527628_79383,carbonyl,O,24.079,34.466,98.463
SRR14527628_79383,ring_end,C,27.893,37.793,99.25
ERR868484_4384,carbonyl,C,27.321,35.819,100.1
ERR868484_4384,carbonyl,O,27.819,35.03,100.88
ERR868484_4384,ring_end,C,23.321,35.356,98.593
ERR868484_4384,carbonyl,C,26.826,39.678,97.427
ERR868484_4384,carbonyl,O,25.921,40.408,97.783
ERR868484_4384,ring_end,C,27.476,39.216,93.21
SRR12678602_62414,carbonyl,C,20.215,32.057,98.65
SRR12678602_62414,carbonyl,O,20.221,31.072,99.364
SRR12678602_62414,ring_end,C,16.779,34.641,98.573
SRR12678602_62414,carbonyl,C,24.334,35.427,98.674
SRR12678602_62414,carbonyl,O,23.557,35.653,97.767
SRR12678602_62414,ring_end,C,27.643,37.948,99.731
ERR3566182_370096,carbonyl,C,23.717,34.11,98.956
ERR3566182_370096,carbonyl,O,23.809,32.898,98.919
ERR3566182_370096,ring_end,C,20.226,36.208,97.575
ERR3566182_370096,carbonyl,C,26.718,38.177,99.675
ERR3566182_370096,carbonyl,O,25.835,38.994,99.852
ERR3566182_370096,ring_end,C,29.076,38.356,96.094
SRR7595024_846748,carbonyl,C,18.398,32.609,95.36
SRR7595024_846748,carbonyl,O,18.476,33.591,94.646
SRR7595024_846748,ring_end,C,15.844,32.223,98.797
SRR7595024_846748,carbonyl,C,20.785,31.459,98.987
SRR7595024_846748,carbonyl,O,20.593,30.909,100.054
SRR7595024_846748,ring_end,C,23.463,34.792,98.62
SRR12193045_101336,carbonyl,C,28.006,38.04,99.96
SRR12193045_101336,carbonyl,O,28.013,36.95,100.5
SRR12193045_101336,ring_end,C,31.069,39.062,97.121
SRR12193045_101336,carbonyl,C,25.407,35.919,98.949
SRR12193045_101336,carbonyl,O,26.508,35.404,98.93
SRR12193045_101336,ring_end,C,21.643,33.909,98.498
AR######_11,carbonyl,C,27.769,38.595,99.748
AR######_11,carbonyl,O,27.203,39.552,100.24
AR######_11,ring_end,C,29.404,38.855,95.78
AR######_11,carbonyl,C,25.351,36.227,98.301
AR######_11,carbonyl,O,25.519,36.94,97.332
AR######_11,ring_end,C,22.274,33.25,98.602
ERR12115642_305438,carbonyl,C,18.073,34.308,97.952
ERR12115642_305438,carbonyl,O,17.139,34.846,98.516
ERR12115642_305438,ring_end,C,18.013,30.179,96.754
ERR12115642_305438,carbonyl,C,23.46,34.672,98.629
ERR12115642_305438,carbonyl,O,23.142,33.619,99.148
ERR12115642_305438,ring_end,C,26.965,36.878,99.755
SRR10848474_194765,carbonyl,C,25.292,35.715,97.512
SRR10848474_194765,carbonyl,O,25.522,35.817,96.322
SRR10848474_194765,ring_end,C,22.03,33.288,98.914
SRR10848474_194765,carbonyl,C,27.515,38.152,99.934
SRR10848474_194765,carbonyl,O,26.689,38.891,100.434
SRR10848474_194765,ring_end,C,29.848,38.765,96.384
SRR5582322_91355,carbonyl,C,22.412,33.193,98.618
SRR5582322_91355,carbonyl,O,23.011,33.233,99.676
SRR5582322_91355,ring_end,C,18.112,33.245,98.607
SRR5582322_91355,carbonyl,C,25.386,35.394,99.501
SRR5582322_91355,carbonyl,O,25.4,34.696,100.496
SRR5582322_91355,ring_end,C,28.581,37.815,97.97
SRR13979362_3177,carbonyl,C,23.543,35.181,98.234
SRR13979362_3177,carbonyl,O,22.58,35.69,97.695
SRR13979362_3177,ring_end,C,26.951,37.495,99.47
SRR13979362_3177,carbonyl,C,19.807,34.451,97.662
SRR13979362_3177,carbonyl,O,20.074,35.634,97.742
SRR13979362_3177,ring_end,C,16.281,32.686,99.356
SRR10053376_3326,carbonyl,C,15.654,34.164,98.013
SRR10053376_3326,carbonyl,O,15.276,35.096,97.328
SRR10053376_3326,ring_end,C,14.224,30.178,97.266
SRR10053376_3326,carbonyl,C,21.009,32.234,98.798
SRR10053376_3326,carbonyl,O,21.001,31.377,99.659
SRR10053376_3326,ring_end,C,24.103,35.17,98.325
ERR10482439_252531,carbonyl,C,24.733,34.965,98.65
ERR10482439_252531,carbonyl,O,24.342,34.286,99.58
ERR10482439_252531,ring_end,C,27.678,38.036,99.273
ERR10482439_252531,carbonyl,C,20.888,36.47,96.103
ERR10482439_252531,carbonyl,O,20.687,37.4,95.347
ERR10482439_252531,ring_end,C,18.267,33.252,97.195
MGYP003385382674A,carbonyl,C,17.47,33.867,98.519
MGYP003385382674A,carbonyl,O,16.444,34.504,98.664
MGYP003385382674A,ring_end,C,17.517,29.902,96.855
MGYP003385382674A,carbonyl,C,21.769,34.556,96.755
MGYP003385382674A,carbonyl,O,21.741,33.455,96.24
MGYP003385382674A,ring_end,C,25.221,35.74,99.012
MGYP000931547452A,carbonyl,C,19.194,35.383,95.928
MGYP000931547452A,carbonyl,O,18.786,35.696,94.826
MGYP000931547452A,ring_end,C,16.459,33.788,98.838
MGYP000931547452A,carbonyl,C,23.932,34.232,98.897
MGYP000931547452A,carbonyl,O,23.854,33.387,99.767
MGYP000931547452A,ring_end,C,26.92,37.312,98.84
SRR10512140_136352,carbonyl,C,22.204,36.833,97.783
SRR10512140_136352,carbonyl,O,21.533,37.825,97.998
SRR10512140_136352,ring_end,C,26.321,36.35,98.925
SRR10512140_136352,carbonyl,C,22.299,32.857,98.489
SRR10512140_136352,carbonyl,O,23.285,32.771,99.195
SRR10512140_136352,ring_end,C,18.225,32.055,99.575
SRR22541061_93121,carbonyl,C,24.425,34.986,99.412
SRR22541061_93121,carbonyl,O,24.468,33.917,99.992
SRR22541061_93121,ring_end,C,27.713,37.757,99.389
SRR22541061_93121,carbonyl,C,21.774,33.026,98.938
SRR22541061_93121,carbonyl,O,21.79,33.519,100.049
SRR22541061_93121,ring_end,C,18.648,30.81,97.004
SRR11729891_316159,carbonyl,C,22.678,34.894,94.026
SRR11729891_316159,carbonyl,O,22.893,36.083,93.888
SRR11729891_316159,ring_end,C,23.618,32.024,90.965
SRR11729891_316159,carbonyl,C,24.427,35,99.283
SRR11729891_316159,carbonyl,O,24.254,34.114,100.097
SRR11729891_316159,ring_end,C,27.9,37.519,99.178
ERR7163074_457660,carbonyl,C,20.757,34.962,95.597
ERR7163074_457660,carbonyl,O,21.437,34.167,94.977
ERR7163074_457660,ring_end,C,17.576,33.762,98.23
ERR7163074_457660,carbonyl,C,23.942,34.635,99.113
ERR7163074_457660,carbonyl,O,23.962,33.532,99.623
ERR7163074_457660,ring_end,C,27.107,37.487,99.627
SRR26541433_19998,carbonyl,C,22.482,36.568,97.865
SRR26541433_19998,carbonyl,O,21.908,37.587,97.531
SRR26541433_19998,ring_end,C,26.614,36.447,99.05
SRR26541433_19998,carbonyl,C,17.71,33.739,97.861
SRR26541433_19998,carbonyl,O,17.321,34.14,98.94
SRR26541433_19998,ring_end,C,17.213,29.758,96.336
ERR6465722_199879,carbonyl,C,20.837,32.395,99.176
ERR6465722_199879,carbonyl,O,21.19,32.254,100.332
ERR6465722_199879,ring_end,C,17.174,30.905,97.488
ERR6465722_199879,carbonyl,C,23.09,34.749,96.651
ERR6465722_199879,carbonyl,O,23.185,33.592,96.291
ERR6465722_199879,ring_end,C,26.15,36.449,99.134
ERR3305565_5448,carbonyl,C,27.161,37.804,100.213
ERR3305565_5448,carbonyl,O,26.587,38.666,100.851
ERR3305565_5448,ring_end,C,28.941,38.774,96.42
ERR3305565_5448,carbonyl,C,24.147,34.285,99.663
ERR3305565_5448,carbonyl,O,23.958,33.102,99.874
ERR3305565_5448,ring_end,C,21.513,36.593,97.183
SRR26290402_3525830,carbonyl,C,17.636,34.072,94.769
SRR26290402_3525830,carbonyl,O,17.241,35.021,94.118
SRR26290402_3525830,ring_end,C,15.481,30.352,94.858
SRR26290402_3525830,carbonyl,C,21.267,32.757,99.148
SRR26290402_3525830,carbonyl,O,21.296,31.811,99.911
SRR26290402_3525830,ring_end,C,24.707,35.214,98.41
SRR14117419_527984,carbonyl,C,24.983,35.083,98.323
SRR14117419_527984,carbonyl,O,25.452,35.258,97.215
SRR14117419_527984,ring_end,C,21.244,33.008,98.776
SRR14117419_527984,carbonyl,C,27.418,39.239,99.96
SRR14117419_527984,carbonyl,O,27.047,40.246,100.531
SRR14117419_527984,ring_end,C,31.058,39.024,97.698
SRR8862675_1241843,carbonyl,C,20.864,32.211,98.505
SRR8862675_1241843,carbonyl,O,20.621,31.021,98.448
SRR8862675_1241843,ring_end,C,17.806,35.176,97.909
SRR8862675_1241843,carbonyl,C,24.383,35.36,98.808
SRR8862675_1241843,carbonyl,O,23.585,35.249,99.719
SRR8862675_1241843,ring_end,C,27.804,37.936,98.538
ERR2900754_66884,carbonyl,C,24.406,34.639,98.677
ERR2900754_66884,carbonyl,O,23.956,33.884,99.518
ERR2900754_66884,ring_end,C,27.245,37.683,99.754
ERR2900754_66884,carbonyl,C,21.715,37.609,97.555
ERR2900754_66884,carbonyl,O,21.879,38.776,97.854
ERR2900754_66884,ring_end,C,17.958,35.714,98.395
SRR24270839_443745,carbonyl,C,24.421,34.711,98.987
SRR24270839_443745,carbonyl,O,24.34,33.68,99.627
SRR24270839_443745,ring_end,C,27.595,37.551,99.58
SRR24270839_443745,carbonyl,C,18.925,34.574,97.192
SRR24270839_443745,carbonyl,O,18.615,35.725,97.43
SRR24270839_443745,ring_end,C,16.409,31.097,97.232
SRR26541423_84165,carbonyl,C,23.048,34.552,98.66
SRR26541423_84165,carbonyl,O,22.632,33.912,99.607
SRR26541423_84165,ring_end,C,26.278,37.334,99.225
SRR26541423_84165,carbonyl,C,19.553,35.366,96.809
SRR26541423_84165,carbonyl,O,19.191,35.955,95.809
SRR26541423_84165,ring_end,C,16.751,32.681,98.639
ERR9287623_1288104,carbonyl,C,19.347,35.308,96.268
ERR9287623_1288104,carbonyl,O,20.025,36.276,95.977
ERR9287623_1288104,ring_end,C,15.902,35.494,98.834
ERR9287623_1288104,carbonyl,C,22.772,33.805,98.616
ERR9287623_1288104,carbonyl,O,22.922,32.866,99.373
ERR9287623_1288104,ring_end,C,25.465,37.132,98.292
MGYP001557180572A,carbonyl,C,27.892,37.383,98.552
MGYP001557180572A,carbonyl,O,27.213,37.278,97.548
MGYP001557180572A,ring_end,C,27.781,40.764,101.206
MGYP001557180572A,carbonyl,C,24.729,35.098,97.899
MGYP001557180572A,carbonyl,O,25.019,35.753,96.917
MGYP001557180572A,ring_end,C,20.655,33.944,98.594
SRR13589008_41305,carbonyl,C,28.233,37.63,99.081
SRR13589008_41305,carbonyl,O,28.052,37.548,97.881
SRR13589008_41305,ring_end,C,27.19,41.237,101.178
SRR13589008_41305,carbonyl,C,24.503,36.488,98.031
SRR13589008_41305,carbonyl,O,24.101,37.45,97.407
SRR13589008_41305,ring_end,C,21.969,33.073,98.616
AR######_77,carbonyl,C,28.391,38.039,99.869
AR######_77,carbonyl,O,28.412,38.931,100.695
AR######_77,ring_end,C,29.115,38.523,95.658
AR######_77,carbonyl,C,24.701,35.884,97.721
AR######_77,carbonyl,O,24.467,36.592,96.761
AR######_77,ring_end,C,22.095,32.66,98.832
SRR14954404_30870,carbonyl,C,17.148,32.094,95.246
SRR14954404_30870,carbonyl,O,17.236,33.112,94.586
SRR14954404_30870,ring_end,C,17.811,28.238,93.463
SRR14954404_30870,carbonyl,C,20.882,31.725,99.028
SRR14954404_30870,carbonyl,O,20.397,31.354,100.079
SRR14954404_30870,ring_end,C,23.773,34.834,98.4
AR######_154,carbonyl,C,20.728,33.553,96.218
AR######_154,carbonyl,O,19.917,32.857,96.799
AR######_154,ring_end,C,22.582,32.61,92.455
AR######_154,carbonyl,C,24.719,34.707,98.978
AR######_154,carbonyl,O,24.336,33.931,99.832
AR######_154,ring_end,C,27.965,37.493,99.327
SRR22234379_583440,carbonyl,C,22.904,34.389,98.685
SRR22234379_583440,carbonyl,O,22.418,33.539,99.407
SRR22234379_583440,ring_end,C,20.828,38.102,98.06
SRR22234379_583440,carbonyl,C,27.021,35.814,99.698
SRR22234379_583440,carbonyl,O,26.589,35.793,100.834
SRR22234379_583440,ring_end,C,29.896,38.783,98.541
SRR12266064_85133,carbonyl,C,19.787,35.82,96.996
SRR12266064_85133,carbonyl,O,19.562,37.007,96.859
SRR12266064_85133,ring_end,C,16.925,33.029,98.579
SRR12266064_85133,carbonyl,C,24.229,34.43,99.225
SRR12266064_85133,carbonyl,O,24.295,33.407,99.879
SRR12266064_85133,ring_end,C,27.296,37.432,99.287
SRR10276843_1765,carbonyl,C,18.176,34.731,96.931
SRR10276843_1765,carbonyl,O,17.779,35.421,97.852
SRR10276843_1765,ring_end,C,17.484,30.508,96.51
SRR10276843_1765,carbonyl,C,22.703,34.848,96.807
SRR10276843_1765,carbonyl,O,22.514,33.657,96.651
SRR10276843_1765,ring_end,C,25.927,36.209,99.291
SRR21130500_826597,carbonyl,C,17.501,33.611,97.744
SRR21130500_826597,carbonyl,O,16.594,34.421,97.772
SRR21130500_826597,ring_end,C,17,29.476,96.677
SRR21130500_826597,carbonyl,C,21.661,37.121,97.185
SRR21130500_826597,carbonyl,O,21.379,37.145,96.003
SRR21130500_826597,ring_end,C,25.469,36.417,99.036
SRR11659431_25115,carbonyl,C,30.592,39.748,97.64
SRR11659431_25115,carbonyl,O,31.031,39.868,98.767
SRR11659431_25115,ring_end,C,32.476,37.259,94.682
SRR11659431_25115,carbonyl,C,27.575,37.471,98.567
SRR11659431_25115,carbonyl,O,28.641,36.914,98.389
SRR11659431_25115,ring_end,C,24.075,35.047,99.107
AR######_142,carbonyl,C,19.011,34.961,97.211
AR######_142,carbonyl,O,18.5,36.059,97.101
AR######_142,ring_end,C,17.682,31.673,94.78
AR######_142,carbonyl,C,23.24,34.224,97.09
AR######_142,carbonyl,O,22.856,33.154,97.521
AR######_142,ring_end,C,26.341,36.508,98.982
ERR868388_2138178,carbonyl,C,26.783,35.884,100.014
ERR868388_2138178,carbonyl,O,27.236,35.135,100.858
ERR868388_2138178,ring_end,C,23.132,35.039,97.905
ERR868388_2138178,carbonyl,C,29.523,39.588,99.138
ERR868388_2138178,carbonyl,O,30.535,38.932,98.985
ERR868388_2138178,ring_end,C,28.26,41.421,102.807
MGYP002716753343A,carbonyl,C,22.19,34.281,96.025
MGYP002716753343A,carbonyl,O,22.134,33.564,95.045
MGYP002716753343A,ring_end,C,18.642,36.238,97.466
MGYP002716753343A,carbonyl,C,24.536,35.85,98.983
MGYP002716753343A,carbonyl,O,23.505,36.384,98.623
MGYP002716753343A,ring_end,C,28.177,38.105,99.261
SRR18577045_38081,carbonyl,C,18.4,34.2,97.033
SRR18577045_38081,carbonyl,O,17.775,35.211,97.29
SRR18577045_38081,ring_end,C,16.686,30.288,96.531
SRR18577045_38081,carbonyl,C,23.195,35.408,95.706
SRR18577045_38081,carbonyl,O,23.628,34.654,94.856
SRR18577045_38081,ring_end,C,25.718,36.286,99.065
ERR4856268_964317,carbonyl,C,21.05,33.149,98.364
ERR4856268_964317,carbonyl,O,21.32,32.136,98.981
ERR4856268_964317,ring_end,C,17.065,34.664,97.806
ERR4856268_964317,carbonyl,C,24.92,35.032,98.938
ERR4856268_964317,carbonyl,O,24.711,34.168,99.766
ERR4856268_964317,ring_end,C,27.995,37.983,99.447
SRR14362172_4989,carbonyl,C,18.588,33.649,97.461
SRR14362172_4989,carbonyl,O,17.905,34.6,97.79
SRR14362172_4989,ring_end,C,16.947,29.837,96.336
SRR14362172_4989,carbonyl,C,23.734,34.64,98.116
SRR14362172_4989,carbonyl,O,23.698,33.535,98.621
SRR14362172_4989,ring_end,C,26.835,37.478,98.98
SRR24001352_21752,carbonyl,C,17.295,34.633,98.208
SRR24001352_21752,carbonyl,O,16.485,35.518,98.008
SRR24001352_21752,ring_end,C,16.8,30.504,97.114
SRR24001352_21752,carbonyl,C,22.142,35.834,97.22
SRR24001352_21752,carbonyl,O,21.794,36.155,96.1
SRR24001352_21752,ring_end,C,26.043,36.267,98.958
SRR9045818_458708,carbonyl,C,20.733,32.018,93.684
SRR9045818_458708,carbonyl,O,19.686,31.828,93.096
SRR9045818_458708,ring_end,C,24.334,32.836,91.482
SRR9045818_458708,carbonyl,C,20.964,31.648,99.277
SRR9045818_458708,carbonyl,O,20.941,30.963,100.281
SRR9045818_458708,ring_end,C,23.375,35.133,98.603
ERR10123727_166025,carbonyl,C,21.1,34.24,97.64
ERR10123727_166025,carbonyl,O,21.887,33.903,98.503
ERR10123727_166025,ring_end,C,16.827,34.41,98.088
ERR10123727_166025,carbonyl,C,24.557,35.397,98.852
ERR10123727_166025,carbonyl,O,24.452,34.312,99.391
ERR10123727_166025,ring_end,C,28.211,37.647,98.864
ERR10789850_92482,carbonyl,C,24.811,35.395,99.225
ERR10789850_92482,carbonyl,O,24.824,34.203,99.467
ERR10789850_92482,ring_end,C,28.343,37.636,98.23
ERR10789850_92482,carbonyl,C,21.96,33.433,98.341
ERR10789850_92482,carbonyl,O,22.561,33.012,99.31
ERR10789850_92482,ring_end,C,17.677,33.592,98.551
SRR7783776_670,carbonyl,C,15.747,33.546,97.784
SRR7783776_670,carbonyl,O,14.686,34.133,97.884
SRR7783776_670,ring_end,C,15.774,29.323,96.973
SRR7783776_670,carbonyl,C,21.03,32.78,98.997
SRR7783776_670,carbonyl,O,20.954,31.616,99.342
SRR7783776_670,ring_end,C,24.571,35.152,98.494
WP_090538641.1,carbonyl,C,23.944,34.257,99.278
WP_090538641.1,carbonyl,O,23.977,33.394,100.134
WP_090538641.1,ring_end,C,26.832,37.436,99.082
WP_090538641.1,carbonyl,C,22.928,36.519,95.258
WP_090538641.1,carbonyl,O,22.781,37.707,95.467
WP_090538641.1,ring_end,C,24.087,35.04,91.4
AR######_169,carbonyl,C,21.456,33.413,99.046
AR######_169,carbonyl,O,21.985,33.161,100.112
AR######_169,ring_end,C,18.577,30.881,97.099
AR######_169,carbonyl,C,24.889,35.178,98.902
AR######_169,carbonyl,O,24.63,34.334,99.737
AR######_169,ring_end,C,28.103,37.916,99.673
MBQ0729274,carbonyl,C,24.529,34.646,99.178
MBQ0729274,carbonyl,O,24.316,33.889,100.106
MBQ0729274,ring_end,C,27.702,37.545,99.308
MBQ0729274,carbonyl,C,20.264,37.332,96.931
MBQ0729274,carbonyl,O,20.8,37.898,95.998
MBQ0729274,ring_end,C,16.984,38.79,99.283
DRR056885_121,carbonyl,C,17.754,29.762,95.512
DRR056885_121,carbonyl,O,17.627,29.149,96.555
DRR056885_121,ring_end,C,19.051,27.895,91.862
DRR056885_121,carbonyl,C,18.86,34.183,97.934
DRR056885_121,carbonyl,O,18.165,35.032,98.457
DRR056885_121,ring_end,C,23.107,34.417,98.512
ERR10640994_379232,carbonyl,C,27.492,36.177,100.183
ERR10640994_379232,carbonyl,O,27.779,35.062,100.576
ERR10640994_379232,ring_end,C,30.18,38.862,98.169
ERR10640994_379232,carbonyl,C,23.084,33.689,99.003
ERR10640994_379232,carbonyl,O,23.426,32.715,99.644
ERR10640994_379232,ring_end,C,18.995,34.477,97.965
SRR10663367_1316324,carbonyl,C,27.827,35.541,98.714
SRR10663367_1316324,carbonyl,O,28.428,34.643,99.273
SRR10663367_1316324,ring_end,C,28.296,39.59,100.083
SRR10663367_1316324,carbonyl,C,23.533,33.596,98.76
SRR10663367_1316324,carbonyl,O,23.964,32.792,99.564
SRR10663367_1316324,ring_end,C,19.318,34.003,98.066
SRR14802574_702608,carbonyl,C,23.956,35.143,98.689
SRR14802574_702608,carbonyl,O,23.711,34.159,99.361
SRR14802574_702608,ring_end,C,27.856,36.954,98.676
SRR14802574_702608,carbonyl,C,18.427,34.634,97.476
SRR14802574_702608,carbonyl,O,17.964,35.496,98.198
SRR14802574_702608,ring_end,C,17.012,30.601,97.083
SRR17041388_347861,carbonyl,C,17.719,34.534,98.157
SRR17041388_347861,carbonyl,O,16.959,35.152,98.878
SRR17041388_347861,ring_end,C,17.236,30.401,97.073
SRR17041388_347861,carbonyl,C,23.084,34.684,98.613
SRR17041388_347861,carbonyl,O,22.843,33.627,99.161
SRR17041388_347861,ring_end,C,26.656,36.962,99.301
SRR13979328_189838,carbonyl,C,24.307,34.835,98.747
SRR13979328_189838,carbonyl,O,23.894,34.15,99.663
SRR13979328_189838,ring_end,C,27.62,37.518,99.314
SRR13979328_189838,carbonyl,C,19.301,35.446,97.318
SRR13979328_189838,carbonyl,O,19.007,36.618,97.188
SRR13979328_189838,ring_end,C,16.569,32.611,99.025
BAB86909.1,carbonyl,C,23.758,34.178,98.826
BAB86909.1,carbonyl,O,23.87,33.382,99.739
BAB86909.1,ring_end,C,26.281,37.623,98.321
BAB86909.1,carbonyl,C,22.605,33.602,94.703
BAB86909.1,carbonyl,O,22.253,32.553,95.205
BAB86909.1,ring_end,C,24.197,33.812,90.723
SRR21941336_37408,carbonyl,C,21.676,36.454,96.474
SRR21941336_37408,carbonyl,O,22.095,37.547,96.804
SRR21941336_37408,ring_end,C,18.051,34.877,98.168
SRR21941336_37408,carbonyl,C,23.896,34.268,99.135
SRR21941336_37408,carbonyl,O,23.43,33.609,100.043
SRR21941336_37408,ring_end,C,26.202,37.882,99.343
ERR8106065_1375561,carbonyl,C,18.606,34.823,97.029
ERR8106065_1375561,carbonyl,O,18.104,35.396,97.978
ERR8106065_1375561,ring_end,C,17.529,30.746,96.19
ERR8106065_1375561,carbonyl,C,23.209,34.77,98.655
ERR8106065_1375561,carbonyl,O,22.812,33.897,99.401
ERR8106065_1375561,ring_end,C,26.685,37.215,99.255
SRR14039858_50158,carbonyl,C,27.28,35.962,99.34
SRR14039858_50158,carbonyl,O,27.611,35.701,100.48
SRR14039858_50158,ring_end,C,23.138,35.965,98.185
SRR14039858_50158,carbonyl,C,29.058,40.023,96.132
SRR14039858_50158,carbonyl,O,28.373,40.584,95.299
SRR14039858_50158,ring_end,C,32.645,37.851,95.217
ERR9698294_3076,carbonyl,C,29.517,39.495,99.167
ERR9698294_3076,carbonyl,O,30.674,39.165,99.342
ERR9698294_3076,ring_end,C,27.123,41.277,102.263
ERR9698294_3076,carbonyl,C,27.024,36.052,99.826
ERR9698294_3076,carbonyl,O,27.513,35.249,100.596
ERR9698294_3076,ring_end,C,23.311,35.449,97.759
SRR26319883_566195,carbonyl,C,24.383,34.316,98.976
SRR26319883_566195,carbonyl,O,24.043,33.609,99.906
SRR26319883_566195,ring_end,C,27.104,37.628,99.308
SRR26319883_566195,carbonyl,C,20.157,36.083,97.443
SRR26319883_566195,carbonyl,O,20.74,37.149,97.43
SRR26319883_566195,ring_end,C,16.251,35.6,99.156
SRR5469033_60193,carbonyl,C,19.89,34.796,97.444
SRR5469033_60193,carbonyl,O,20.74,34.275,96.747
SRR5469033_60193,ring_end,C,16.348,32.706,98.698
SRR5469033_60193,carbonyl,C,23.79,35.681,98.687
SRR5469033_60193,carbonyl,O,23.545,34.532,99.001
SRR5469033_60193,ring_end,C,27.516,37.706,99.346
MGYP000935144178A,carbonyl,C,17.231,31.139,96.853
MGYP000935144178A,carbonyl,O,17.388,30.116,97.491
MGYP000935144178A,ring_end,C,17.939,31.406,92.62
MGYP000935144178A,carbonyl,C,19.155,35.218,97.511
MGYP000935144178A,carbonyl,O,18.661,36.16,96.922
MGYP000935144178A,ring_end,C,23.318,34.975,98.525
AR######_134,carbonyl,C,21.447,32.615,98.341
AR######_134,carbonyl,O,22.108,32.301,99.313
AR######_134,ring_end,C,17.289,33.713,98.399
AR######_134,carbonyl,C,24.739,35.444,98.897
AR######_134,carbonyl,O,24.444,34.549,99.664
AR######_134,ring_end,C,28.176,37.935,99.531
ODU60407.1,carbonyl,C,28.378,41.303,101.366
ODU60407.1,carbonyl,O,29.078,41.851,100.536
ODU60407.1,ring_end,C,27.958,42.771,105.386
ODU60407.1,carbonyl,C,26.3,36.347,99.56
ODU60407.1,carbonyl,O,27.209,35.563,99.748
ODU60407.1,ring_end,C,22.457,34.973,98.232
SRR26290450_3599995,carbonyl,C,17.969,32.165,97.874
SRR26290450_3599995,carbonyl,O,17.331,32.16,98.909
SRR26290450_3599995,ring_end,C,17.242,29.439,94.629
SRR26290450_3599995,carbonyl,C,21.6,35.333,97.026
SRR26290450_3599995,carbonyl,O,21.65,35.326,95.811
SRR26290450_3599995,ring_end,C,25.273,35.899,99.172
ERR11028298_3008807,carbonyl,C,20.281,34.149,97.609
ERR11028298_3008807,carbonyl,O,20.634,33.53,96.623
ERR11028298_3008807,ring_end,C,16.329,33.605,99.214
ERR11028298_3008807,carbonyl,C,24.201,34.752,98.787
ERR11028298_3008807,carbonyl,O,23.577,34.327,99.74
ERR11028298_3008807,ring_end,C,26.925,37.994,99.485
SRR17295761_37586,carbonyl,C,27.362,40.695,100.791
SRR17295761_37586,carbonyl,O,26.584,41.492,100.303
SRR17295761_37586,ring_end,C,29.753,41.746,104.207
SRR17295761_37586,carbonyl,C,25.683,37.44,98.199
SRR17295761_37586,carbonyl,O,25.476,38.402,97.485
SRR17295761_37586,ring_end,C,23.041,34.084,98.621
SRR11308339_666916,carbonyl,C,19.904,35.895,97.031
SRR11308339_666916,carbonyl,O,19.749,36.738,96.168
SRR11308339_666916,ring_end,C,16.832,33.311,98.571
SRR11308339_666916,carbonyl,C,24.337,34.624,99.195
SRR11308339_666916,carbonyl,O,24.334,33.852,100.134
SRR11308339_666916,ring_end,C,27.29,37.731,98.984
SRR19742208_42773,carbonyl,C,18.964,35.531,97.965
SRR19742208_42773,carbonyl,O,18.752,36.494,97.252
SRR19742208_42773,ring_end,C,16.076,32.507,98.968
SRR19742208_42773,carbonyl,C,24.41,35.025,98.984
SRR19742208_42773,carbonyl,O,24.353,34.152,99.829
SRR19742208_42773,ring_end,C,27.614,37.856,98.611
SRR5855429_11905,carbonyl,C,22.151,32.77,98.934
SRR5855429_11905,carbonyl,O,22.695,32.925,100.011
SRR5855429_11905,ring_end,C,17.962,33.344,98.153
SRR5855429_11905,carbonyl,C,23.221,35.805,96.298
SRR5855429_11905,carbonyl,O,22.727,36.688,95.625
SRR5855429_11905,ring_end,C,26.171,36.407,99.357
SRR12363492_1178,carbonyl,C,18.659,32.309,92.341
SRR12363492_1178,carbonyl,O,19.473,32.03,91.482
SRR12363492_1178,ring_end,C,15.483,35.066,91.445
SRR12363492_1178,carbonyl,C,17.459,33.103,97.872
SRR12363492_1178,carbonyl,O,16.527,33.788,98.245
SRR12363492_1178,ring_end,C,21.556,33.199,99.146
SRR11005201_40376,carbonyl,C,26.757,35.52,100.471
SRR11005201_40376,carbonyl,O,27.169,34.659,101.225
SRR11005201_40376,ring_end,C,29.22,38.122,98.095
SRR11005201_40376,carbonyl,C,22.702,33.652,99.327
SRR11005201_40376,carbonyl,O,23.418,32.876,99.931
SRR11005201_40376,ring_end,C,18.627,32.64,98.44
DRR046399_6024,carbonyl,C,22.774,33.478,97.953
DRR046399_6024,carbonyl,O,23.208,32.414,97.555
DRR046399_6024,ring_end,C,18.541,34.174,98.239
DRR046399_6024,carbonyl,C,27.536,35.392,98.999
DRR046399_6024,carbonyl,O,28.189,34.374,98.881
DRR046399_6024,ring_end,C,29.619,39.144,99.074
SRR25158324_2535008,carbonyl,C,22.053,35.289,97.538
SRR25158324_2535008,carbonyl,O,22.496,36.239,98.155
SRR25158324_2535008,ring_end,C,17.921,34.105,97.412
SRR25158324_2535008,carbonyl,C,25.083,35.03,98.952
SRR25158324_2535008,carbonyl,O,24.253,34.631,99.745
SRR25158324_2535008,ring_end,C,28.202,37.92,99.533
ERR3697023_14244245,carbonyl,C,30.838,39.537,98.529
ERR3697023_14244245,carbonyl,O,31.415,40.125,99.424
ERR3697023_14244245,ring_end,C,32.992,38.146,95.077
ERR3697023_14244245,carbonyl,C,27.314,35.751,99.612
ERR3697023_14244245,carbonyl,O,28.106,35.049,99.016
ERR3697023_14244245,ring_end,C,23.191,35.54,98.439
SRR26965291_34719,carbonyl,C,20.464,32.481,98.575
SRR26965291_34719,carbonyl,O,20.197,31.915,99.618
SRR26965291_34719,ring_end,C,23.801,35.181,98.316
SRR26965291_34719,carbonyl,C,17.246,29.432,95.824
SRR26965291_34719,carbonyl,O,16.425,28.823,96.48
SRR26965291_34719,ring_end,C,18.694,28.536,91.884
ERR3588746_23368,carbonyl,C,21.85,32.634,94.08
ERR3588746_23368,carbonyl,O,22.099,31.735,94.86
ERR3588746_23368,ring_end,C,24.673,33.609,90.986
ERR3588746_23368,carbonyl,C,20.033,34.856,97.837
ERR3588746_23368,carbonyl,O,19.39,34.564,98.826
ERR3588746_23368,ring_end,C,24.149,35.966,98.333
SRR8569139_9422,carbonyl,C,24.812,35.314,98.745
SRR8569139_9422,carbonyl,O,24.646,34.322,99.428
SRR8569139_9422,ring_end,C,28.065,38.022,99.506
SRR8569139_9422,carbonyl,C,20.686,33.535,98.567
SRR8569139_9422,carbonyl,O,21.163,32.437,98.778
SRR8569139_9422,ring_end,C,16.431,34.079,98.461
SRR12266064_2045115,carbonyl,C,20.973,34.145,98.034
SRR12266064_2045115,carbonyl,O,21.719,33.324,98.532
SRR12266064_2045115,ring_end,C,16.715,33.845,98.553
SRR12266064_2045115,carbonyl,C,25.086,34.871,98.805
SRR12266064_2045115,carbonyl,O,24.454,34.389,99.725
SRR12266064_2045115,ring_end,C,27.729,38.141,99.663
SRR26290483_118036,carbonyl,C,17.985,33.99,97.404
SRR26290483_118036,carbonyl,O,18.585,32.935,97.481
SRR26290483_118036,ring_end,C,14.941,35.171,100.202
SRR26290483_118036,carbonyl,C,23.019,35.605,96.612
SRR26290483_118036,carbonyl,O,23.234,34.877,95.663
SRR26290483_118036,ring_end,C,26.227,36.241,99.391
AR######_100,carbonyl,C,23.065,33.533,98.743
AR######_100,carbonyl,O,23.591,33.062,99.733
AR######_100,ring_end,C,18.829,33.149,98.117
AR######_100,carbonyl,C,27.214,35.708,100.191
AR######_100,carbonyl,O,27.71,35.193,101.174
AR######_100,ring_end,C,29.157,39.188,98.598
AR######_173,carbonyl,C,23.657,34.607,98.911
AR######_173,carbonyl,O,23.722,33.568,99.541
AR######_173,ring_end,C,26.453,37.819,99.503
AR######_173,carbonyl,C,18.475,34.641,98.058
AR######_173,carbonyl,O,18.305,35.064,99.185
AR######_173,ring_end,C,17.398,30.821,96.426
P19833.1,carbonyl,C,21.373,35.284,97.667
P19833.1,carbonyl,O,20.953,34.277,97.13
P19833.1,ring_end,C,25.27,35.643,99.449
P19833.1,carbonyl,C,17.902,33.671,98.228
P19833.1,carbonyl,O,17.156,33.43,99.156
P19833.1,ring_end,C,18.082,30.874,94.978
SRR15371989_72478,carbonyl,C,24.241,34.63,98.795
SRR15371989_72478,carbonyl,O,24.282,33.511,99.268
SRR15371989_72478,ring_end,C,27.26,37.6,99.539
SRR15371989_72478,carbonyl,C,20.195,31.456,98.471
SRR15371989_72478,carbonyl,O,20.962,30.604,98.875
SRR15371989_72478,ring_end,C,16.352,30.896,96.645
ERR2762187_7288,carbonyl,C,20.761,35.552,97.898
ERR2762187_7288,carbonyl,O,19.852,36.019,98.558
ERR2762187_7288,ring_end,C,24.658,37.368,97.953
ERR2762187_7288,carbonyl,C,22.266,32.786,93.867
ERR2762187_7288,carbonyl,O,21.5,31.855,94.019
ERR2762187_7288,ring_end,C,25.123,33.035,90.674
ERR9963791_1782184,carbonyl,C,24.572,35.065,99.361
ERR9963791_1782184,carbonyl,O,24.547,34.024,99.989
ERR9963791_1782184,ring_end,C,28.199,37.293,98.749
ERR9963791_1782184,carbonyl,C,21.357,32.375,99.166
ERR9963791_1782184,carbonyl,O,21.709,31.617,100.049
ERR9963791_1782184,ring_end,C,18.267,31.566,96.299
SRR3314882_89058,carbonyl,C,24.103,35.193,98.193
SRR3314882_89058,carbonyl,O,23.703,34.297,98.912
SRR3314882_89058,ring_end,C,27.427,37.654,99.373
SRR3314882_89058,carbonyl,C,22.677,32.69,94.012
SRR3314882_89058,carbonyl,O,22.337,31.623,94.485
SRR3314882_89058,ring_end,C,25.236,32.849,90.57
SRR12266064_29780,carbonyl,C,20.471,30.915,99.021
SRR12266064_29780,carbonyl,O,20.638,30.078,99.887
SRR12266064_29780,ring_end,C,23.174,34.188,98.331
SRR12266064_29780,carbonyl,C,17.284,29.433,95.163
SRR12266064_29780,carbonyl,O,16.308,28.893,95.646
SRR12266064_29780,ring_end,C,19.024,28.768,91.296
ERR11484209_22782,carbonyl,C,21.341,35.248,96.053
ERR11484209_22782,carbonyl,O,20.348,35.907,95.809
ERR11484209_22782,ring_end,C,23.67,33.616,92.828
ERR11484209_22782,carbonyl,C,25.185,35.018,99.653
ERR11484209_22782,carbonyl,O,25.085,34.3,100.628
ERR11484209_22782,ring_end,C,28,38.256,99.778
ERR2598794_43297,carbonyl,C,21.604,34.715,96.151
ERR2598794_43297,carbonyl,O,21.058,34.051,97.012
ERR2598794_43297,ring_end,C,23.061,33.004,92.485
ERR2598794_43297,carbonyl,C,24.563,35.056,99.253
ERR2598794_43297,carbonyl,O,24.395,34.089,99.971
ERR2598794_43297,ring_end,C,28.14,37.426,99.206
SRR14695722_75236,carbonyl,C,27.471,38.409,99.839
SRR14695722_75236,carbonyl,O,26.755,39.152,100.482
SRR14695722_75236,ring_end,C,28.23,38.832,95.628
SRR14695722_75236,carbonyl,C,24.964,35.991,98.485
SRR14695722_75236,carbonyl,O,24.708,37.173,98.37
SRR14695722_75236,ring_end,C,21.762,33.134,98.507
ERR4801149_9489,carbonyl,C,19.611,34.802,98.226
ERR4801149_9489,carbonyl,O,18.889,35.429,98.977
ERR4801149_9489,ring_end,C,17.88,32.481,95.047
ERR4801149_9489,carbonyl,C,24.144,35.144,99.23
ERR4801149_9489,carbonyl,O,23.786,34.31,100.038
ERR4801149_9489,ring_end,C,27.491,37.719,99.995
AR######_12,carbonyl,C,17.193,31.633,95.249
AR######_12,carbonyl,O,16.151,32.238,95.089
AR######_12,ring_end,C,18.347,28.117,93.058
AR######_12,carbonyl,C,20.461,31.383,99.945
AR######_12,carbonyl,O,20.539,30.954,101.08
AR######_12,ring_end,C,22.639,34.654,98.22
SRR12681888_1225841,carbonyl,C,24.124,34.139,98.903
SRR12681888_1225841,carbonyl,O,23.957,33.548,99.953
SRR12681888_1225841,ring_end,C,27.562,36.672,98.402
SRR12681888_1225841,carbonyl,C,20.131,36.753,96.957
SRR12681888_1225841,carbonyl,O,19.616,37.854,96.984
SRR12681888_1225841,ring_end,C,17.931,33.264,98.142
WP_054022242.1,carbonyl,C,20.977,34.605,96.325
WP_054022242.1,carbonyl,O,20.277,33.939,97.064
WP_054022242.1,ring_end,C,22.767,32.774,92.87
WP_054022242.1,carbonyl,C,24.75,35.181,98.946
WP_054022242.1,carbonyl,O,24.455,34.303,99.733
WP_054022242.1,ring_end,C,28.157,37.704,99.612
SRR1523874_4491,carbonyl,C,21.347,34.559,96.236
SRR1523874_4491,carbonyl,O,20.149,34.768,96.25
SRR1523874_4491,ring_end,C,23.223,33.067,92.666
SRR1523874_4491,carbonyl,C,24.5,36.191,98.962
SRR1523874_4491,carbonyl,O,23.526,36.75,98.498
SRR1523874_4491,ring_end,C,28.268,38.238,99.139
SRR26075051_5618361,carbonyl,C,29.579,39.343,100.264
SRR26075051_5618361,carbonyl,O,30.267,40.188,99.725
SRR26075051_5618361,ring_end,C,27.734,39.754,104.126
SRR26075051_5618361,carbonyl,C,26.015,35.886,99.762
SRR26075051_5618361,carbonyl,O,26.261,35.411,100.854
SRR26075051_5618361,ring_end,C,22.296,34.895,97.863
SRR25547245_993609,carbonyl,C,27.643,38.318,99.932
SRR25547245_993609,carbonyl,O,26.979,39.217,100.413
SRR25547245_993609,ring_end,C,29.181,38.669,95.933
SRR25547245_993609,carbonyl,C,24.905,35.578,98.29
SRR25547245_993609,carbonyl,O,25.086,36.084,97.199
SRR25547245_993609,ring_end,C,21.336,33.309,99.018
AR######_106,carbonyl,C,26.149,35.459,100.151
AR######_106,carbonyl,O,26.203,34.891,101.225
AR######_106,ring_end,C,29.218,37.988,98.514
AR######_106,carbonyl,C,21.106,35.892,97.354
AR######_106,carbonyl,O,20.932,36.744,96.505
AR######_106,ring_end,C,17.928,33.176,98.324
DRR509554_23646,carbonyl,C,21.782,32.873,99.266
DRR509554_23646,carbonyl,O,22.21,32.105,100.106
DRR509554_23646,ring_end,C,17.547,33.167,98.578
DRR509554_23646,carbonyl,C,24.957,35.382,99.23
DRR509554_23646,carbonyl,O,24.724,34.585,100.118
DRR509554_23646,ring_end,C,28.385,37.919,98.753
ERR10640994_177560,carbonyl,C,23.516,35.218,95.362
ERR10640994_177560,carbonyl,O,23.879,36.373,95.482
ERR10640994_177560,ring_end,C,23.58,33.209,91.56
ERR10640994_177560,carbonyl,C,24.699,35.104,99.37
ERR10640994_177560,carbonyl,O,24.527,34.267,100.235
ERR10640994_177560,ring_end,C,28.018,37.819,99.539
SRR26075049_937218,carbonyl,C,20.807,38.373,92.672
SRR26075049_937218,carbonyl,O,20.234,39.443,92.599
SRR26075049_937218,ring_end,C,25.064,38.198,92.089
SRR26075049_937218,carbonyl,C,20.531,33.584,95.306
SRR26075049_937218,carbonyl,O,19.9,32.573,95.547
SRR26075049_937218,ring_end,C,23.736,34.648,97.954
SRR16950703_360364,carbonyl,C,20.891,31.723,97.988
SRR16950703_360364,carbonyl,O,21.064,30.897,97.112
SRR16950703_360364,ring_end,C,16.933,33.078,98.979
SRR16950703_360364,carbonyl,C,22.444,36.06,98.134
SRR16950703_360364,carbonyl,O,21.585,36.783,98.601
SRR16950703_360364,ring_end,C,26.535,36.958,99.07
SRR7967696_318013,carbonyl,C,24.654,35.313,98.893
SRR7967696_318013,carbonyl,O,24.829,34.223,98.383
SRR7967696_318013,ring_end,C,27.808,38.031,99.969
SRR7967696_318013,carbonyl,C,20.659,34.304,97.629
SRR7967696_318013,carbonyl,O,21.314,33.286,97.737
SRR7967696_318013,ring_end,C,16.597,34.588,98.986
SRR24907501_79708,carbonyl,C,19.283,35.564,97.733
SRR24907501_79708,carbonyl,O,19.187,36.508,96.972
SRR24907501_79708,ring_end,C,16.028,33.014,98.912
SRR24907501_79708,carbonyl,C,23.996,34.701,98.746
SRR24907501_79708,carbonyl,O,23.365,34.074,99.574
SRR24907501_79708,ring_end,C,27.127,37.557,99.424
ERR3943994_542949,carbonyl,C,28.04,38.122,98.643
ERR3943994_542949,carbonyl,O,28.056,38.139,99.859
ERR3943994_542949,ring_end,C,31.675,38.661,96.411
ERR3943994_542949,carbonyl,C,23.734,34.285,99.136
ERR3943994_542949,carbonyl,O,23.406,33.334,99.818
ERR3943994_542949,ring_end,C,21.976,35.706,95.488
SRR13588904_28417,carbonyl,C,29.355,37.55,98.968
SRR13588904_28417,carbonyl,O,30.331,37.67,98.252
SRR13588904_28417,ring_end,C,27.063,40.804,100.597
SRR13588904_28417,carbonyl,C,25.358,35.582,98.2
SRR13588904_28417,carbonyl,O,25.446,36.541,97.458
SRR13588904_28417,ring_end,C,21.753,33.287,98.599
ERR9844462_623,carbonyl,C,17.471,33.785,98.272
ERR9844462_623,carbonyl,O,16.677,33.998,99.168
ERR9844462_623,ring_end,C,17.572,30.255,95.819
ERR9844462_623,carbonyl,C,22.869,35.448,97.317
ERR9844462_623,carbonyl,O,23.03,35.188,96.14
ERR9844462_623,ring_end,C,26.312,36.685,99.56
ERR10641118_142160,carbonyl,C,28.575,37.359,98.946
ERR10641118_142160,carbonyl,O,28.605,37.316,97.731
ERR10641118_142160,ring_end,C,27.112,40.835,101.011
ERR10641118_142160,carbonyl,C,24.666,35.302,97.728
ERR10641118_142160,carbonyl,O,24.908,36.152,96.893
ERR10641118_142160,ring_end,C,20.787,33.466,97.715
SRR21210593_63796,carbonyl,C,21.899,34.626,96.547
SRR21210593_63796,carbonyl,O,20.76,34.721,96.963
SRR21210593_63796,ring_end,C,23.025,32.738,92.851
SRR21210593_63796,carbonyl,C,26.483,35.774,99.794
SRR21210593_63796,carbonyl,O,26.298,35.233,100.866
SRR21210593_63796,ring_end,C,29.551,38.559,98.676
AR######_33,carbonyl,C,24.115,34.441,98.912
AR######_33,carbonyl,O,24.03,33.543,99.727
AR######_33,ring_end,C,27.154,37.476,99.135
AR######_33,carbonyl,C,20.738,32.29,96.289
AR######_33,carbonyl,O,20.307,31.224,96.683
AR######_33,ring_end,C,22.514,32.392,92.383
ERR9769279_34127,carbonyl,C,23.838,34.948,97.827
ERR9769279_34127,carbonyl,O,23.317,34.078,98.498
ERR9769279_34127,ring_end,C,27.482,36.958,98.91
ERR9769279_34127,carbonyl,C,19.129,35.3,95.455
ERR9769279_34127,carbonyl,O,19.089,34.482,94.557
ERR9769279_34127,ring_end,C,15.562,36.227,97.655
ERR10482440_903875,carbonyl,C,27.312,36.723,100.198
ERR10482440_903875,carbonyl,O,27.609,35.917,101.058
ERR10482440_903875,ring_end,C,23.76,36.283,97.815
ERR10482440_903875,carbonyl,C,29.653,40.696,99.774
ERR10482440_903875,carbonyl,O,30.794,40.279,99.82
ERR10482440_903875,ring_end,C,27.351,41.34,103.339
SRR3989453_37515,carbonyl,C,23.195,33.227,98.969
SRR3989453_37515,carbonyl,O,23.668,33.192,100.089
SRR3989453_37515,ring_end,C,18.934,33.511,98.467
SRR3989453_37515,carbonyl,C,26.582,36.241,99.36
SRR3989453_37515,carbonyl,O,26.439,35.626,100.399
SRR3989453_37515,ring_end,C,29.712,39.171,99.163
AR######_73,carbonyl,C,16.808,31.255,96.202
AR######_73,carbonyl,O,15.618,31.335,96.443
AR######_73,ring_end,C,18.266,28.259,93.484
AR######_73,carbonyl,C,20.918,31.715,99.491
AR######_73,carbonyl,O,21.223,30.847,100.285
AR######_73,ring_end,C,23.668,34.693,98.081
SRR22136574_3522411,carbonyl,C,21.456,32.798,99.189
SRR22136574_3522411,carbonyl,O,21.658,31.896,99.979
SRR22136574_3522411,ring_end,C,24.368,35.841,98.323
SRR22136574_3522411,carbonyl,C,16.871,34.528,98.414
SRR22136574_3522411,carbonyl,O,16.818,35.29,99.359
SRR22136574_3522411,ring_end,C,15.126,30.607,98.464
AR######_8,carbonyl,C,24.161,34.166,99.07
AR######_8,carbonyl,O,24.019,33.541,100.104
AR######_8,ring_end,C,26.638,37.678,98.949
AR######_8,carbonyl,C,20.705,32.203,99.695
AR######_8,carbonyl,O,20.833,31.884,100.861
AR######_8,ring_end,C,17.552,31.189,96.966
SRR21419831_257710,carbonyl,C,22.345,36.742,95.381
SRR21419831_257710,carbonyl,O,21.744,37.746,95.049
SRR21419831_257710,ring_end,C,23.236,33.423,92.797
SRR21419831_257710,carbonyl,C,24.716,34.654,99.417
SRR21419831_257710,carbonyl,O,24.225,34.075,100.367
SRR21419831_257710,ring_end,C,28.091,37.303,99.499
ASA57064.1,carbonyl,C,17.132,34.14,98.388
ASA57064.1,carbonyl,O,16.123,34.818,98.431
ASA57064.1,ring_end,C,17.182,30.179,96.717
ASA57064.1,carbonyl,C,22.712,34.602,97.294
ASA57064.1,carbonyl,O,22.93,33.545,96.735
ASA57064.1,ring_end,C,26.028,36.67,99.069
SRR13969208_105,carbonyl,C,17.718,33.952,98.248
SRR13969208_105,carbonyl,O,17.045,34.035,99.257
SRR13969208_105,ring_end,C,17.438,30.457,95.757
SRR13969208_105,carbonyl,C,23.117,34.455,97.517
SRR13969208_105,carbonyl,O,23.385,33.667,96.632
SRR13969208_105,ring_end,C,26.378,36.607,99.292
SRR908275_10703,carbonyl,C,21.349,32.994,98.991
SRR908275_10703,carbonyl,O,21.782,32.797,100.11
SRR908275_10703,ring_end,C,18.794,30.272,96.858
SRR908275_10703,carbonyl,C,24.848,34.935,98.575
SRR908275_10703,carbonyl,O,24.351,34.347,99.515
SRR908275_10703,ring_end,C,27.799,37.95,99.365
SRR26046407_1203775,carbonyl,C,15.7,32.867,99.003
SRR26046407_1203775,carbonyl,O,14.712,33.335,99.535
SRR26046407_1203775,ring_end,C,15.669,30.28,95.568
SRR26046407_1203775,carbonyl,C,21.121,33.068,99.482
SRR26046407_1203775,carbonyl,O,21.096,32.361,100.471
SRR26046407_1203775,ring_end,C,24.417,35.686,98.648
AR######_43,carbonyl,C,18.359,34.816,98.005
AR######_43,carbonyl,O,17.678,35.588,98.653
AR######_43,ring_end,C,17.087,30.813,97.085
AR######_43,carbonyl,C,22.673,36.468,96.975
AR######_43,carbonyl,O,22.019,37.442,96.656
AR######_43,ring_end,C,26.253,36.475,99.341
SRR26313965_71362,carbonyl,C,19.105,32.005,97.873
SRR26313965_71362,carbonyl,O,18.179,31.951,98.66
SRR26313965_71362,ring_end,C,22.946,33.767,98.668
SRR26313965_71362,carbonyl,C,22.248,31.77,95.255
SRR26313965_71362,carbonyl,O,22.818,31.853,96.325
SRR26313965_71362,ring_end,C,23.976,33.643,91.802
ERR4674853_86664,carbonyl,C,27.126,36.296,100.31
ERR4674853_86664,carbonyl,O,27.474,35.222,100.764
ERR4674853_86664,ring_end,C,30.011,38.847,98.397
ERR4674853_86664,carbonyl,C,23.395,34.576,99.123
ERR4674853_86664,carbonyl,O,24.291,33.918,99.616
ERR4674853_86664,ring_end,C,19.494,33.032,98.218
ERR11028393_217052,carbonyl,C,28.209,39.036,98.347
ERR11028393_217052,carbonyl,O,29.233,38.393,98.217
ERR11028393_217052,ring_end,C,27.38,41.433,101.82
ERR11028393_217052,carbonyl,C,25.941,35.579,99.376
ERR11028393_217052,carbonyl,O,26.504,35.032,100.304
ERR11028393_217052,ring_end,C,22.211,34.231,97.738
ERR10087380_58920,carbonyl,C,27.646,38.574,100.101
ERR10087380_58920,carbonyl,O,26.907,39.376,100.64
ERR10087380_58920,ring_end,C,29.098,38.888,96.066
ERR10087380_58920,carbonyl,C,25.032,36.233,98.827
ERR10087380_58920,carbonyl,O,24.684,37.394,98.92
ERR10087380_58920,ring_end,C,21.993,33.204,98.746
SRR12693835_33628,carbonyl,C,22.118,36.089,97.272
SRR12693835_33628,carbonyl,O,21.493,37.112,97.066
SRR12693835_33628,ring_end,C,26.051,36.179,99.008
SRR12693835_33628,carbonyl,C,21.995,34.333,92.818
SRR12693835_33628,carbonyl,O,21.173,35.077,92.321
SRR12693835_33628,ring_end,C,25.319,33.144,90.377
SRR17828879_219644,carbonyl,C,28.82,37.541,99.836
SRR17828879_219644,carbonyl,O,29.232,38.08,98.827
SRR17828879_219644,ring_end,C,27.147,39.59,103.226
SRR17828879_219644,carbonyl,C,24.832,34.96,98.126
SRR17828879_219644,carbonyl,O,25.665,34.647,97.298
SRR17828879_219644,ring_end,C,20.872,33.359,97.71
SRR20309463_795,carbonyl,C,21.75,34.592,92.933
SRR20309463_795,carbonyl,O,21.134,35.568,92.549
SRR20309463_795,ring_end,C,25.169,33.18,90.741
SRR20309463_795,carbonyl,C,22.211,35.636,97.554
SRR20309463_795,carbonyl,O,21.281,36.279,98
SRR20309463_795,ring_end,C,26.079,36.265,99.304
ERR9963791_553102,carbonyl,C,28.362,35.976,102.182
ERR9963791_553102,carbonyl,O,29.002,35.001,102.526
ERR9963791_553102,ring_end,C,27.71,39.273,104.865
ERR9963791_553102,carbonyl,C,24.566,36.271,98.743
ERR9963791_553102,carbonyl,O,24.29,37.273,99.374
ERR9963791_553102,ring_end,C,21.85,32.959,99.004
SRR25727107_131495,carbonyl,C,23.614,34.613,98.384
SRR25727107_131495,carbonyl,O,23.493,33.603,99.051
SRR25727107_131495,ring_end,C,26.818,37.415,98.995
SRR25727107_131495,carbonyl,C,19.124,33.828,97.503
SRR25727107_131495,carbonyl,O,18.644,33.899,98.617
SRR25727107_131495,ring_end,C,18.413,30.388,95.038
SRR24863433_5674,carbonyl,C,19.591,36.309,96.896
SRR24863433_5674,carbonyl,O,19.074,37.409,96.88
SRR24863433_5674,ring_end,C,23.508,35.479,98.464
SRR24863433_5674,carbonyl,C,17.453,32.24,97.264
SRR24863433_5674,carbonyl,O,18.07,32.51,98.276
SRR24863433_5674,ring_end,C,17.537,28.355,95.443
SRR11742962_521374,carbonyl,C,26.652,36.083,99.283
SRR11742962_521374,carbonyl,O,27.422,35.252,99.726
SRR11742962_521374,ring_end,C,22.76,35.007,97.806
SRR11742962_521374,carbonyl,C,29.224,40.875,100.224
SRR11742962_521374,carbonyl,O,30.278,41.381,99.89
SRR11742962_521374,ring_end,C,27.231,41.143,104.015
WP_058088494.1,carbonyl,C,19.84,34.405,97.94
WP_058088494.1,carbonyl,O,19.978,35.042,96.913
WP_058088494.1,ring_end,C,16.247,32.373,99.145
WP_058088494.1,carbonyl,C,23.35,35.546,98.645
WP_058088494.1,carbonyl,O,22.432,36.103,98.075
WP_058088494.1,ring_end,C,27.396,36.976,98.688
ERR1346831_178792,carbonyl,C,18.041,34.639,97.794
ERR1346831_178792,carbonyl,O,17.084,35.094,98.391
ERR1346831_178792,ring_end,C,17.852,32.257,94.219
ERR1346831_178792,carbonyl,C,23.516,35.493,95.988
ERR1346831_178792,carbonyl,O,23.825,35.618,94.819
ERR1346831_178792,ring_end,C,26.37,36.568,99.008
SRR18156181_603674,carbonyl,C,21.944,32.734,98.673
SRR18156181_603674,carbonyl,O,22.559,32.933,99.703
SRR18156181_603674,ring_end,C,17.663,32.546,98.318
SRR18156181_603674,carbonyl,C,24.74,35.061,98.849
SRR18156181_603674,carbonyl,O,24.782,33.855,98.999
SRR18156181_603674,ring_end,C,28.286,37.478,98.91
AR######_13,carbonyl,C,16.272,30.72,96.57
AR######_13,carbonyl,O,15.198,31.278,96.692
AR######_13,ring_end,C,17.426,28.364,93.163
AR######_13,carbonyl,C,20.811,31.664,99.453
AR######_13,carbonyl,O,20.839,30.994,100.467
AR######_13,ring_end,C,23.62,34.74,98.42
SRR12687296_626766,carbonyl,C,23.314,34.001,98.904
SRR12687296_626766,carbonyl,O,23.511,33.128,99.727
SRR12687296_626766,ring_end,C,26.038,37.274,98.301
SRR12687296_626766,carbonyl,C,18.543,34.753,97.577
SRR12687296_626766,carbonyl,O,18.146,34.824,98.724
SRR12687296_626766,ring_end,C,17.755,31.173,95.345
AR######_74,carbonyl,C,17.694,34.101,95.536
AR######_74,carbonyl,O,17.443,34.921,94.673
AR######_74,ring_end,C,17.12,29.855,95.174
AR######_74,carbonyl,C,20.694,31.957,99.584
AR######_74,carbonyl,O,20.968,31.071,100.371
AR######_74,ring_end,C,23.567,34.869,98.286
AR######_14,carbonyl,C,18.775,34.579,97.207
AR######_14,carbonyl,O,18.707,35.025,98.336
AR######_14,ring_end,C,17.64,30.567,96.156
AR######_14,carbonyl,C,22.884,34.889,96.386
AR######_14,carbonyl,O,22.841,33.716,96.071
AR######_14,ring_end,C,25.941,36.237,99.081
SRR16759749_268810,carbonyl,C,23.191,35.699,98.282
SRR16759749_268810,carbonyl,O,22.286,36.429,97.925
SRR16759749_268810,ring_end,C,27.178,37.096,99.083
SRR16759749_268810,carbonyl,C,21.899,32.372,94.769
SRR16759749_268810,carbonyl,O,21.426,31.273,94.981
SRR16759749_268810,ring_end,C,24.524,33.15,91.465
AR######_152,carbonyl,C,18.623,33.821,97.675
AR######_152,carbonyl,O,17.734,34.285,98.363
AR######_152,ring_end,C,18.143,30.065,95.637
AR######_152,carbonyl,C,24.035,34.598,99.155
AR######_152,carbonyl,O,24.056,33.533,99.74
AR######_152,ring_end,C,27.494,37.135,99.026
ERR4592245_1642075,carbonyl,C,27.475,35.491,99.333
ERR4592245_1642075,carbonyl,O,27.701,35.224,100.498
ERR4592245_1642075,ring_end,C,23.426,35.996,97.976
ERR4592245_1642075,carbonyl,C,29.961,39.963,96.309
ERR4592245_1642075,carbonyl,O,29.642,40.984,95.732
ERR4592245_1642075,ring_end,C,33.006,37.184,95.116
AR######_17,carbonyl,C,23.252,35.691,98.35
AR######_17,carbonyl,O,22.939,34.546,98.615
AR######_17,ring_end,C,27.185,37.252,99.118
AR######_17,carbonyl,C,20.369,33.557,95.899
AR######_17,carbonyl,O,19.315,32.965,96.026
AR######_17,ring_end,C,23.167,32.601,92.789
ERR7672960_23882,carbonyl,C,26.362,37.48,99.714
ERR7672960_23882,carbonyl,O,26.27,36.467,100.381
ERR7672960_23882,ring_end,C,30.207,38.771,98.287
ERR7672960_23882,carbonyl,C,24.288,34.505,99.321
ERR7672960_23882,carbonyl,O,24.709,34.324,100.447
ERR7672960_23882,ring_end,C,20.448,32.949,98.203
DRR378781_602206,carbonyl,C,24.978,35.018,99.217
DRR378781_602206,carbonyl,O,24.46,34.355,100.095
DRR378781_602206,ring_end,C,28.084,37.921,99.86
DRR378781_602206,carbonyl,C,22.257,38.003,96.517
DRR378781_602206,carbonyl,O,22.307,38.967,95.778
DRR378781_602206,ring_end,C,18.555,36.192,97.714
ADV92526.1,carbonyl,C,27.158,35.723,100.064
ADV92526.1,carbonyl,O,27.715,34.994,100.861
ADV92526.1,ring_end,C,29.02,38.972,97.95
ADV92526.1,carbonyl,C,23.301,33.684,98.479
ADV92526.1,carbonyl,O,23.932,32.825,99.064
ADV92526.1,ring_end,C,19.013,33.684,98.295
SRR13325290_214718,carbonyl,C,27.536,38.151,99.71
SRR13325290_214718,carbonyl,O,26.625,38.784,100.209
SRR13325290_214718,ring_end,C,28.993,38.749,95.709
SRR13325290_214718,carbonyl,C,25.044,36.255,98.621
SRR13325290_214718,carbonyl,O,24.816,37.446,98.539
SRR13325290_214718,ring_end,C,21.811,33.432,98.652
SRR14576916_391095,carbonyl,C,22.309,35.567,93.813
SRR14576916_391095,carbonyl,O,23.028,36.125,93.007
SRR14576916_391095,ring_end,C,19.677,32.34,92.74
SRR14576916_391095,carbonyl,C,25.096,35.845,98.435
SRR14576916_391095,carbonyl,O,25.211,34.667,98.711
SRR14576916_391095,ring_end,C,27.57,38.996,99.973
SRR9643230_217764,carbonyl,C,20.942,34.95,95.675
SRR9643230_217764,carbonyl,O,20.469,36.062,95.538
SRR9643230_217764,ring_end,C,22.759,32.779,92.437
SRR9643230_217764,carbonyl,C,24.676,34.679,99.015
SRR9643230_217764,carbonyl,O,24.091,34.083,99.898
SRR9643230_217764,ring_end,C,27.826,37.553,99.497
UUT36763.1,carbonyl,C,18,34.157,97.82
UUT36763.1,carbonyl,O,17.138,33.842,98.618
UUT36763.1,ring_end,C,18.2,32.184,94.004
UUT36763.1,carbonyl,C,20.446,37.613,96.341
UUT36763.1,carbonyl,O,20.565,38.786,96.045
UUT36763.1,ring_end,C,23.355,35.239,98.419
SRR25727962_708236,carbonyl,C,21.007,33.187,96.024
SRR25727962_708236,carbonyl,O,20.729,32.248,96.745
SRR25727962_708236,ring_end,C,22.993,32.498,92.273
SRR25727962_708236,carbonyl,C,24.325,34.754,98.809
SRR25727962_708236,carbonyl,O,24.215,33.758,99.497
SRR25727962_708236,ring_end,C,27.695,37.402,99.037
SRR11534412_304166,carbonyl,C,17.037,33.646,98.262
SRR11534412_304166,carbonyl,O,16.625,33.702,99.405
SRR11534412_304166,ring_end,C,17.174,30.094,95.841
SRR11534412_304166,carbonyl,C,20.551,36.595,95.93
SRR11534412_304166,carbonyl,O,20.534,35.989,94.877
SRR11534412_304166,ring_end,C,23.997,36.135,98.447
SRR19414414_32612,carbonyl,C,21.983,32.414,98.985
SRR19414414_32612,carbonyl,O,22.345,31.978,100.061
SRR19414414_32612,ring_end,C,17.799,32.44,97.992
SRR19414414_32612,carbonyl,C,23.606,36.42,95.631
SRR19414414_32612,carbonyl,O,23.667,37.246,94.742
SRR19414414_32612,ring_end,C,26.315,36.535,98.958
SRR24001352_43921,carbonyl,C,17.794,35.003,95.192
SRR24001352_43921,carbonyl,O,17.033,35.802,94.68
SRR24001352_43921,ring_end,C,16.917,30.857,95.924
SRR24001352_43921,carbonyl,C,22.158,34.326,97.783
SRR24001352_43921,carbonyl,O,22.189,33.149,97.482
SRR24001352_43921,ring_end,C,25.486,36.883,98.68
ERR1579315_76907,carbonyl,C,21.37,32.17,96.317
ERR1579315_76907,carbonyl,O,20.689,31.188,96.543
ERR1579315_76907,ring_end,C,22.675,32.989,92.302
ERR1579315_76907,carbonyl,C,25.025,35.023,98.79
ERR1579315_76907,carbonyl,O,24.323,34.651,99.71
ERR1579315_76907,ring_end,C,27.806,38.201,99.555
RLU00646.1,carbonyl,C,22.165,35.699,97.529
RLU00646.1,carbonyl,O,21.929,34.894,96.648
RLU00646.1,ring_end,C,26.015,36.303,99.347
RLU00646.1,carbonyl,C,17.503,33.862,98.315
RLU00646.1,carbonyl,O,16.972,34.269,99.33
RLU00646.1,ring_end,C,17.184,29.943,96.594
SRR6129205_10729,carbonyl,C,24.456,35.159,99.035
SRR6129205_10729,carbonyl,O,24.336,34.132,99.675
SRR6129205_10729,ring_end,C,27.707,37.902,99.67
SRR6129205_10729,carbonyl,C,19.271,35.626,98.118
SRR6129205_10729,carbonyl,O,19.078,36.826,98.087
SRR6129205_10729,ring_end,C,16.187,32.812,99.114
ERR10822306_273555,carbonyl,C,20.178,34.57,97.705
ERR10822306_273555,carbonyl,O,20.397,34.923,96.562
ERR10822306_273555,ring_end,C,16.531,32.77,99.102
ERR10822306_273555,carbonyl,C,24.015,35.541,98.973
ERR10822306_273555,carbonyl,O,22.958,36.141,98.939
ERR10822306_273555,ring_end,C,27.687,37.726,99.362
SRR13588849_74531,carbonyl,C,23.012,33.216,98.884
SRR13588849_74531,carbonyl,O,23.555,33.171,99.972
SRR13588849_74531,ring_end,C,18.769,33.443,98.224
SRR13588849_74531,carbonyl,C,26.236,35.737,99.631
SRR13588849_74531,carbonyl,O,26.1,35.065,100.635
SRR13588849_74531,ring_end,C,28.261,39.499,100.038
ERR7127473_220403,carbonyl,C,23.472,35.083,97.137
ERR7127473_220403,carbonyl,O,24.124,35.069,96.11
ERR7127473_220403,ring_end,C,19.898,37.383,97.79
ERR7127473_220403,carbonyl,C,27.705,35.565,99.23
ERR7127473_220403,carbonyl,O,28.456,34.643,98.982
ERR7127473_220403,ring_end,C,29.257,39.553,99.561
ERR2752155_114826,carbonyl,C,20.429,35.185,97.46
ERR2752155_114826,carbonyl,O,19.567,36.027,97.622
ERR2752155_114826,ring_end,C,24.487,35.53,98.841
ERR2752155_114826,carbonyl,C,22.916,33.78,93.883
ERR2752155_114826,carbonyl,O,23.504,33.684,94.942
ERR2752155_114826,ring_end,C,25.22,33.276,90.297
DRR322242_2006,carbonyl,C,22.726,33.525,98.427
DRR322242_2006,carbonyl,O,23.403,32.985,99.28
DRR322242_2006,ring_end,C,18.44,33.189,98.521
DRR322242_2006,carbonyl,C,26.756,36.347,99.823
DRR322242_2006,carbonyl,O,26.738,35.567,100.755
DRR322242_2006,ring_end,C,29.882,39.031,98.622
SRR14039970_584981,carbonyl,C,19.699,35.032,97.798
SRR14039970_584981,carbonyl,O,19.637,36.211,97.506
SRR14039970_584981,ring_end,C,16.289,32.498,98.46
SRR14039970_584981,carbonyl,C,24.615,35.003,98.926
SRR14039970_584981,carbonyl,O,24.325,34.146,99.738
SRR14039970_584981,ring_end,C,27.73,37.927,99.333
SRR13207077_558,carbonyl,C,20.428,32.622,98.682
SRR13207077_558,carbonyl,O,20.231,31.78,99.538
SRR13207077_558,ring_end,C,23.958,35.072,98.529
SRR13207077_558,carbonyl,C,17.017,30.985,95.429
SRR13207077_558,carbonyl,O,16.273,30.921,96.388
SRR13207077_558,ring_end,C,17.904,27.855,92.629
ERR10640994_226214,carbonyl,C,24.488,35.139,99.083
ERR10640994_226214,carbonyl,O,24.329,34.153,99.778
ERR10640994_226214,ring_end,C,28.02,37.572,99.384
ERR10640994_226214,carbonyl,C,19.487,35.627,96.109
ERR10640994_226214,carbonyl,O,18.918,36.188,95.193
ERR10640994_226214,ring_end,C,17.126,33.07,98.621
SRR14039663_324879,carbonyl,C,27.24,38.126,99.846
SRR14039663_324879,carbonyl,O,28.048,38.782,100.475
SRR14039663_324879,ring_end,C,26.929,38.627,95.587
SRR14039663_324879,carbonyl,C,24.611,35.19,98.219
SRR14039663_324879,carbonyl,O,24.805,36.155,97.505
SRR14039663_324879,ring_end,C,20.801,33.218,98.325
ERR5947503_322,carbonyl,C,24.731,35.015,98.984
ERR5947503_322,carbonyl,O,24.365,34.255,99.861
ERR5947503_322,ring_end,C,27.811,37.92,99.733
ERR5947503_322,carbonyl,C,19.833,35.029,98.004
ERR5947503_322,carbonyl,O,19.433,35.6,99
ERR5947503_322,ring_end,C,18.159,31.179,97.113
SRR23636745_2174529,carbonyl,C,20.952,34.679,97.483
SRR23636745_2174529,carbonyl,O,20.342,33.641,97.659
SRR23636745_2174529,ring_end,C,24.759,35.434,99.334
SRR23636745_2174529,carbonyl,C,16.823,34.522,98.517
SRR23636745_2174529,carbonyl,O,16.48,34.722,99.666
SRR23636745_2174529,ring_end,C,17.272,30.79,96.446
ERR10641118_502282,carbonyl,C,24.766,35.071,98.642
ERR10641118_502282,carbonyl,O,24.68,33.898,98.954
ERR10641118_502282,ring_end,C,28.16,37.514,99.644
ERR10641118_502282,carbonyl,C,21.438,35.193,96.371
ERR10641118_502282,carbonyl,O,21.024,34.539,97.308
ERR10641118_502282,ring_end,C,23.513,33.463,93.037
SRR13614386_485083,carbonyl,C,29.298,40.32,99.943
SRR13614386_485083,carbonyl,O,30.488,40.163,99.746
SRR13614386_485083,ring_end,C,27.676,41.071,103.854
SRR13614386_485083,carbonyl,C,26.938,36.262,100.157
SRR13614386_485083,carbonyl,O,27.729,35.467,100.625
SRR13614386_485083,ring_end,C,23.237,35.256,98.232
SRR5679025_626712,carbonyl,C,22.702,35.066,97.813
SRR5679025_626712,carbonyl,O,22.685,34.245,96.916
SRR5679025_626712,ring_end,C,26.466,36.593,99.225
SRR5679025_626712,carbonyl,C,17.444,33.541,97.768
SRR5679025_626712,carbonyl,O,16.614,34.066,98.484
SRR5679025_626712,ring_end,C,17.434,29.426,96.549
