protein,atom_num,atom,x,y,z
SRR4128967_345579,12,C,15.064,33.041,99.907
SRR4128967_345579,13,O,14.791,32.091,100.615
SRR4128967_345579,28,C,28.71,38.309,99.728
SRR4128967_345579,29,O,29.185,38.353,100.844
AR######_56,12,C,17.569,28.701,94.75
AR######_56,13,O,16.604,28.004,95.001
AR######_56,28,C,28.349,38.131,99.022
AR######_56,29,O,29.369,37.768,99.571
SRR14073695_33712,12,C,15.391,30.847,100.017
SRR14073695_33712,13,O,15.336,31.024,101.219
SRR14073695_33712,28,C,27.196,35.973,99.94
SRR14073695_33712,29,O,27.698,35.014,100.49
SRR14865845_60467,12,C,23.902,32.604,89.371
SRR14865845_60467,13,O,23.393,31.912,88.51
SRR14865845_60467,28,C,28.685,38.238,99.511
SRR14865845_60467,29,O,29.207,38.564,100.557
AR######_86,12,C,17.276,28.963,96.643
AR######_86,13,O,18.326,28.463,96.285
AR######_86,28,C,26.836,35.406,98.495
AR######_86,29,O,27.549,34.657,97.859
SRR26587149_857731,12,C,25.117,43.064,99.166
SRR26587149_857731,13,O,24.66,43.698,100.099
SRR26587149_857731,28,C,20.785,32.469,99.204
SRR26587149_857731,29,O,20.887,31.639,100.084
SRR8240096_94099,12,C,14.424,31.762,100.858
SRR8240096_94099,13,O,14.774,30.871,101.609
SRR8240096_94099,28,C,27.064,35.921,99.301
SRR8240096_94099,29,O,27.702,35.011,99.789
SRR10408973_194281,12,C,16.445,33.856,99.355
SRR10408973_194281,13,O,15.865,34.539,100.178
SRR10408973_194281,28,C,28.3,38.172,98.747
SRR10408973_194281,29,O,29.402,37.84,99.134
SRR24956186_742414,12,C,31.216,39.717,97.95
SRR24956186_742414,13,O,30.98,40.764,97.377
SRR24956186_742414,28,C,17.486,34.295,98.91
SRR24956186_742414,29,O,16.707,33.453,99.305
SRR15430510_32059,12,C,27.797,36.527,99.527
SRR15430510_32059,13,O,28.07,36.504,100.712
SRR15430510_32059,28,C,18.872,28.913,95.571
SRR15430510_32059,29,O,19.921,28.383,95.266
SRR5583254_6888706,12,C,30.101,38.723,93.954
SRR5583254_6888706,13,O,29.42,39.25,93.095
SRR5583254_6888706,28,C,20.505,32.344,98.43
SRR5583254_6888706,29,O,20.33,31.351,99.107
MGYP001010025864A,12,C,30.533,37.55,104.484
MGYP001010025864A,13,O,30.343,37.998,105.599
MGYP001010025864A,28,C,23.927,34.394,101.772
MGYP001010025864A,29,O,22.943,33.949,101.216
SRR7548956_74754,12,C,28.918,40.03,97.144
SRR7548956_74754,13,O,29.626,40.875,97.658
SRR7548956_74754,28,C,17.015,32.65,98.388
SRR7548956_74754,29,O,16.362,32.567,97.369
SRR14099998_4346,12,C,16.582,35.019,98.565
SRR14099998_4346,13,O,15.625,35.739,98.348
SRR14099998_4346,28,C,29.196,38.751,99.332
SRR14099998_4346,29,O,29.69,39.226,100.334
ERR2241851_78442,12,C,15.032,29.668,97.704
ERR2241851_78442,13,O,13.958,29.475,98.24
ERR2241851_78442,28,C,26.983,36.177,99.951
ERR2241851_78442,29,O,27.403,35.473,100.847
SRR25158249_220564,12,C,16.014,30.469,97.173
SRR25158249_220564,13,O,16.256,29.453,96.55
SRR25158249_220564,28,C,27.166,38.78,98.17
SRR25158249_220564,29,O,26.894,39.93,98.45
SRR14527628_79383,12,C,23.645,33.08,90.599
SRR14527628_79383,13,O,23.523,31.977,90.101
SRR14527628_79383,28,C,29.026,38.675,99.691
SRR14527628_79383,29,O,29.335,38.816,100.857
ERR868484_4384,12,C,21.92,35.216,98.073
ERR868484_4384,13,O,21.569,34.275,97.387
ERR868484_4384,28,C,27.555,39.316,91.714
ERR868484_4384,29,O,28.431,38.783,91.064
SRR12678602_62414,12,C,15.577,35.537,98.524
SRR12678602_62414,13,O,15.345,36.268,97.579
SRR12678602_62414,28,C,28.62,38.923,100.324
SRR12678602_62414,29,O,28.314,39.718,101.188
ERR3566182_370096,12,C,19.011,36.93,97.072
ERR3566182_370096,13,O,18.962,38.142,96.985
ERR3566182_370096,28,C,29.938,38.709,94.915
ERR3566182_370096,29,O,29.658,38.391,93.777
SRR7595024_846748,12,C,14.935,32.096,99.984
SRR7595024_846748,13,O,15.125,31.283,100.868
SRR7595024_846748,28,C,24.183,36.111,98.636
SRR7595024_846748,29,O,23.627,37.167,98.415
SRR12193045_101336,12,C,32.128,39.44,96.127
SRR12193045_101336,13,O,33.188,39.934,96.46
SRR12193045_101336,28,C,20.262,33.326,98.609
SRR12193045_101336,29,O,20.034,32.143,98.459
AR######_11,12,C,29.959,38.931,94.388
AR######_11,13,O,29.453,38.342,93.451
AR######_11,28,C,21.046,32.423,98.856
AR######_11,29,O,21.005,31.545,99.694
ERR12115642_305438,12,C,17.995,28.745,96.314
ERR12115642_305438,13,O,18.293,27.83,97.057
ERR12115642_305438,28,C,28.329,37.479,99.943
ERR12115642_305438,29,O,29.23,36.9,100.514
SRR10848474_194765,12,C,20.879,32.461,99.404
SRR10848474_194765,13,O,21.036,31.411,99.997
SRR10848474_194765,28,C,30.664,38.679,95.126
SRR10848474_194765,29,O,30.305,38.05,94.151
SRR5582322_91355,12,C,16.612,33.249,98.584
SRR5582322_91355,13,O,15.975,33.18,97.55
SRR5582322_91355,28,C,29.624,38.541,97.168
SRR5582322_91355,29,O,30.787,38.611,97.511
SRR13979362_3177,12,C,28.145,38.307,99.878
SRR13979362_3177,13,O,28.832,38.018,100.839
SRR13979362_3177,28,C,15.222,32.022,100.19
SRR13979362_3177,29,O,14.73,30.951,99.897
SRR10053376_3326,12,C,13.743,28.779,97.02
SRR10053376_3326,13,O,13.12,28.147,97.852
SRR10053376_3326,28,C,24.994,36.38,98.305
SRR10053376_3326,29,O,24.665,37.432,97.797
ERR10482439_252531,12,C,28.708,39.109,99.468
ERR10482439_252531,13,O,28.512,40.083,100.169
ERR10482439_252531,28,C,17.566,32.057,97.775
ERR10482439_252531,29,O,17.584,30.963,97.248
MGYP003385382674A,12,C,17.549,28.526,96.258
MGYP003385382674A,13,O,16.926,27.595,96.731
MGYP003385382674A,28,C,26.583,36.06,99.56
MGYP003385382674A,29,O,27.102,35.417,100.45
MGYP000931547452A,12,C,15.519,33.239,99.87
MGYP000931547452A,13,O,14.96,32.166,99.739
MGYP000931547452A,28,C,28.122,38.193,98.654
MGYP000931547452A,29,O,29.177,37.783,98.213
SRR10512140_136352,12,C,27.751,36.18,99.347
SRR10512140_136352,13,O,28.088,36.15,100.515
SRR10512140_136352,28,C,16.789,31.629,99.691
SRR10512140_136352,29,O,16.387,30.555,99.292
SRR22541061_93121,12,C,28.861,38.722,99.358
SRR22541061_93121,13,O,29.361,39.175,100.37
SRR22541061_93121,28,C,17.739,30.04,96.089
SRR22541061_93121,29,O,16.943,30.578,95.347
SRR11729891_316159,12,C,23.956,31.009,89.913
SRR11729891_316159,13,O,24.462,31.314,88.85
SRR11729891_316159,28,C,29.213,38.207,98.931
SRR11729891_316159,29,O,29.919,37.954,97.977
ERR7163074_457660,12,C,16.478,33.353,99.167
ERR7163074_457660,13,O,15.788,34.162,99.757
ERR7163074_457660,28,C,28.346,38.336,99.58
ERR7163074_457660,29,O,29.123,38.418,100.509
SRR26541433_19998,12,C,28.049,36.403,99.485
SRR26541433_19998,13,O,28.458,35.598,100.301
SRR26541433_19998,28,C,16.864,28.498,95.595
SRR26541433_19998,29,O,15.873,27.842,95.844
ERR6465722_199879,12,C,15.886,30.385,96.921
ERR6465722_199879,13,O,15.83,29.371,96.252
ERR6465722_199879,28,C,27.41,36.934,99.794
ERR6465722_199879,29,O,28.104,36.222,100.49
ERR3305565_5448,12,C,29.548,39.096,95.087
ERR3305565_5448,13,O,29.22,38.524,94.065
ERR3305565_5448,28,C,20.407,37.392,96.554
ERR3305565_5448,29,O,20.36,38.604,96.605
SRR26290402_3525830,12,C,14.714,29.064,94.904
SRR26290402_3525830,13,O,14.709,28.274,93.98
SRR26290402_3525830,28,C,25.994,35.851,97.968
SRR26290402_3525830,29,O,26.038,36.926,97.406
SRR14117419_527984,12,C,19.93,32.304,98.942
SRR14117419_527984,13,O,19.832,31.092,98.93
SRR14117419_527984,28,C,32.456,38.87,97.169
SRR14117419_527984,29,O,33.426,38.771,97.893
SRR8862675_1241843,12,C,16.74,36.205,97.678
SRR8862675_1241843,13,O,16.561,36.728,96.594
SRR8862675_1241843,28,C,29.099,38.638,98.241
SRR8862675_1241843,29,O,29.446,39.649,98.815
ERR2900754_66884,12,C,28.241,38.748,100.107
ERR2900754_66884,13,O,27.977,39.666,100.86
ERR2900754_66884,28,C,16.682,35.163,98.966
ERR2900754_66884,29,O,15.719,35.858,99.217
SRR24270839_443745,12,C,28.707,38.541,99.764
SRR24270839_443745,13,O,29.24,38.732,100.841
SRR24270839_443745,28,C,15.77,29.744,97.364
SRR24270839_443745,29,O,14.705,29.571,97.919
SRR26541423_84165,12,C,27.395,38.318,99.405
SRR26541423_84165,13,O,27.873,38.571,100.495
SRR26541423_84165,28,C,15.601,31.798,99.036
SRR26541423_84165,29,O,15.316,30.78,98.438
ERR9287623_1288104,12,C,14.686,35.558,99.71
ERR9287623_1288104,13,O,13.899,36.485,99.668
ERR9287623_1288104,28,C,26.5,38.158,97.927
ERR9287623_1288104,29,O,26.296,39.039,97.117
MGYP001557180572A,12,C,27.733,41.957,102.115
MGYP001557180572A,13,O,28.339,42.984,101.876
MGYP001557180572A,28,C,19.251,33.41,98.566
MGYP001557180572A,29,O,18.998,32.23,98.435
SRR13589008_41305,12,C,26.834,42.485,101.929
SRR13589008_41305,13,O,26.601,43.54,101.37
SRR13589008_41305,28,C,20.896,32.077,98.95
SRR13589008_41305,29,O,20.973,31.319,99.895
AR######_77,12,C,29.381,38.711,94.193
AR######_77,13,O,30.387,38.292,93.653
AR######_77,28,C,20.999,31.752,99.313
AR######_77,29,O,21.128,31.013,100.267
SRR14954404_30870,12,C,18.047,26.884,92.862
SRR14954404_30870,13,O,18.703,26.026,93.423
SRR14954404_30870,28,C,24.889,35.74,97.964
SRR14954404_30870,29,O,24.763,36.561,97.078
AR######_154,12,C,23.208,32.275,91.134
AR######_154,13,O,22.58,31.769,90.223
AR######_154,28,C,29.21,38.324,99.207
AR######_154,29,O,29.33,39.41,99.738
SRR22234379_583440,12,C,20.106,39.395,97.819
SRR22234379_583440,13,O,20.596,40.307,97.18
SRR22234379_583440,28,C,31.067,39.707,98.361
SRR22234379_583440,29,O,31.039,40.875,98.69
SRR12266064_85133,12,C,15.923,32.046,99.109
SRR12266064_85133,13,O,15.839,30.908,98.689
SRR12266064_85133,28,C,28.5,38.31,99.099
SRR12266064_85133,29,O,29.54,38.139,99.702
SRR10276843_1765,12,C,17.22,29.039,96.366
SRR10276843_1765,13,O,16.18,28.524,96.73
SRR10276843_1765,28,C,27.228,36.527,99.971
SRR10276843_1765,29,O,27.706,35.824,100.838
SRR21130500_826597,12,C,16.831,28.038,96.282
SRR21130500_826597,13,O,16.839,27.133,97.095
SRR21130500_826597,28,C,26.638,36.129,99.934
SRR21130500_826597,29,O,26.583,35.338,100.854
SRR11659431_25115,12,C,33.113,36.38,93.647
SRR11659431_25115,13,O,33.85,35.457,93.938
SRR11659431_25115,28,C,22.989,34.009,99.106
SRR11659431_25115,29,O,23.025,33.019,99.809
AR######_142,12,C,17.237,30.514,93.938
AR######_142,13,O,17.879,30.115,92.985
AR######_142,28,C,27.612,37.128,99.488
AR######_142,29,O,28.424,36.517,100.153
ERR868388_2138178,12,C,21.85,34.765,97.175
ERR868388_2138178,13,O,21.823,34.435,96.005
ERR868388_2138178,28,C,27.868,42.322,103.944
ERR868388_2138178,29,O,28.564,42.484,104.924
MGYP002716753343A,12,C,17.414,36.941,97.964
MGYP002716753343A,13,O,17.3,38.152,97.94
MGYP002716753343A,28,C,29.3,39.055,99.563
MGYP002716753343A,29,O,29.591,39.391,100.693
SRR18577045_38081,12,C,16.076,28.932,96.338
SRR18577045_38081,13,O,16.679,27.904,96.58
SRR18577045_38081,28,C,26.824,36.505,100.058
SRR18577045_38081,29,O,27.229,35.629,100.795
ERR4856268_964317,12,C,15.676,35.204,97.632
ERR4856268_964317,13,O,14.754,34.517,97.236
ERR4856268_964317,28,C,28.876,39.142,99.817
ERR4856268_964317,29,O,28.74,39.77,100.847
SRR14362172_4989,12,C,16.381,28.511,95.921
SRR14362172_4989,13,O,16.026,27.672,96.727
SRR14362172_4989,28,C,28.076,38.32,99.074
SRR14362172_4989,29,O,28.588,38.622,100.132
SRR24001352_21752,12,C,16.615,29.07,96.713
SRR24001352_21752,13,O,17.528,28.388,96.288
SRR24001352_21752,28,C,27.257,36.529,99.802
SRR24001352_21752,29,O,27.749,35.688,100.527
SRR9045818_458708,12,C,25.599,33.101,90.719
SRR9045818_458708,13,O,26.6,33.544,91.25
SRR9045818_458708,28,C,24.313,36.204,98.123
SRR9045818_458708,29,O,24.71,36.266,96.977
ERR10123727_166025,12,C,15.339,34.472,98.267
ERR10123727_166025,13,O,14.611,35.056,97.487
ERR10123727_166025,28,C,29.563,38.261,98.632
ERR10123727_166025,29,O,30.035,39.107,99.363
ERR10789850_92482,12,C,29.567,38.421,97.86
ERR10789850_92482,13,O,29.572,39.636,97.808
ERR10789850_92482,28,C,16.223,33.659,98.922
ERR10789850_92482,29,O,15.43,34.38,98.351
SRR7783776_670,12,C,15.802,27.848,96.704
SRR7783776_670,13,O,16.819,27.261,96.386
SRR7783776_670,28,C,25.646,36.2,98.445
SRR7783776_670,29,O,25.494,37.274,97.899
WP_090538641.1,12,C,27.845,38.539,98.991
WP_090538641.1,13,O,28.366,39.03,99.975
WP_090538641.1,28,C,24.763,34.637,90.12
WP_090538641.1,29,O,24.718,35.311,89.112
AR######_169,12,C,17.555,30.008,96.433
AR######_169,13,O,17.363,28.855,96.77
AR######_169,28,C,29.127,38.866,100.227
AR######_169,29,O,28.908,39.587,101.179
MBQ0729274,12,C,28.814,38.552,99.331
MBQ0729274,13,O,28.755,39.575,99.986
MBQ0729274,28,C,16.02,39.25,100.34
MBQ0729274,29,O,16.034,40.374,100.799
DRR056885_121,12,C,19.483,27.25,90.578
DRR056885_121,13,O,18.691,26.773,89.788
DRR056885_121,28,C,24.52,34.633,98.973
DRR056885_121,29,O,24.867,34.476,100.126
ERR10640994_379232,12,C,31.134,39.781,97.465
ERR10640994_379232,13,O,31.707,40.689,98.036
ERR10640994_379232,28,C,17.551,34.883,97.874
ERR10640994_379232,29,O,17.082,35.429,96.897
SRR10663367_1316324,12,C,28.439,41.008,100.551
SRR10663367_1316324,13,O,27.518,41.802,100.518
SRR10663367_1316324,28,C,17.837,34.258,98.103
SRR10663367_1316324,29,O,17.364,35.368,98.24
SRR14802574_702608,12,C,29.214,37.59,98.648
SRR14802574_702608,13,O,29.552,38.441,99.448
SRR14802574_702608,28,C,16.797,29.115,97.029
SRR14802574_702608,29,O,15.736,28.594,97.307
SRR17041388_347861,12,C,17.052,28.957,96.712
SRR17041388_347861,13,O,16.022,28.352,96.944
SRR17041388_347861,28,C,28.013,37.607,99.304
SRR17041388_347861,29,O,28.215,38.711,99.767
SRR13979328_189838,12,C,28.779,38.453,99.489
SRR13979328_189838,13,O,29.281,38.676,100.575
SRR13979328_189838,28,C,15.47,31.642,99.358
SRR13979328_189838,29,O,15.233,31.28,100.492
BAB86909.1,12,C,27.164,38.826,98.168
BAB86909.1,13,O,26.926,39.885,98.717
BAB86909.1,28,C,24.466,33.866,89.246
BAB86909.1,29,O,23.874,34.616,88.496
SRR21941336_37408,12,C,16.785,34.313,98.741
SRR21941336_37408,13,O,16.168,34.865,99.631
SRR21941336_37408,28,C,27.088,39.077,99.132
SRR21941336_37408,29,O,28.056,39.059,98.4
ERR8106065_1375561,12,C,17.174,29.32,95.886
ERR8106065_1375561,13,O,16.735,28.562,96.73
ERR8106065_1375561,28,C,28.0,37.941,99.211
ERR8106065_1375561,29,O,28.964,37.595,99.863
SRR14039858_50158,12,C,21.695,35.944,97.776
SRR14039858_50158,13,O,21.008,36.947,97.752
SRR14039858_50158,28,C,34.039,37.349,94.97
SRR14039858_50158,29,O,35.005,37.764,95.576
ERR9698294_3076,12,C,26.283,41.917,103.328
ERR9698294_3076,13,O,25.646,42.935,103.134
ERR9698294_3076,28,C,21.895,35.406,97.258
ERR9698294_3076,29,O,21.586,35.734,96.131
SRR26319883_566195,12,C,28.051,38.784,99.447
SRR26319883_566195,13,O,28.314,39.286,100.523
SRR26319883_566195,28,C,15.034,35.407,100.015
SRR26319883_566195,29,O,14.121,36.206,100.052
SRR5469033_60193,12,C,15.117,31.984,99.158
SRR5469033_60193,13,O,15.165,30.921,99.748
SRR5469033_60193,28,C,28.663,38.575,99.778
SRR5469033_60193,29,O,29.209,38.456,100.855
MGYP000935144178A,12,C,18.206,31.487,91.146
MGYP000935144178A,13,O,18.607,32.503,90.61
MGYP000935144178A,28,C,24.688,35.017,99.14
MGYP000935144178A,29,O,24.914,34.64,100.272
AR######_134,12,C,15.842,34.105,98.441
AR######_134,13,O,15.21,34.374,97.438
AR######_134,28,C,29.209,38.936,99.966
AR######_134,29,O,30.226,39.148,99.337
ODU60407.1,12,C,27.788,43.284,106.785
ODU60407.1,13,O,28.733,43.502,107.52
ODU60407.1,28,C,21.262,34.403,97.522
ODU60407.1,29,O,21.035,34.608,96.347
SRR26290450_3599995,12,C,16.98,28.506,93.484
SRR26290450_3599995,13,O,15.959,28.554,92.824
SRR26290450_3599995,28,C,26.688,36.001,99.668
SRR26290450_3599995,29,O,27.097,35.373,100.623
ERR11028298_3008807,12,C,14.956,33.429,99.792
ERR11028298_3008807,13,O,14.066,32.854,99.196
ERR11028298_3008807,28,C,27.73,39.158,99.99
ERR11028298_3008807,29,O,27.306,39.943,100.813
SRR17295761_37586,12,C,30.589,42.089,105.404
SRR17295761_37586,13,O,30.227,42.889,106.245
SRR17295761_37586,28,C,22.046,33.037,99.033
SRR17295761_37586,29,O,22.146,32.404,100.065
SRR11308339_666916,12,C,15.752,32.406,99.087
SRR11308339_666916,13,O,15.935,31.627,100.003
SRR11308339_666916,28,C,28.224,38.89,99.185
SRR11308339_666916,29,O,27.863,40.047,99.108
SRR19742208_42773,12,C,15.067,31.447,99.295
SRR19742208_42773,13,O,15.019,30.904,100.382
SRR19742208_42773,28,C,28.822,38.673,98.249
SRR19742208_42773,29,O,29.645,39.028,99.068
SRR5855429_11905,12,C,16.499,33.557,97.9
SRR5855429_11905,13,O,15.984,33.338,96.82
SRR5855429_11905,28,C,27.395,36.507,100.222
SRR5855429_11905,29,O,27.839,35.565,100.846
SRR12363492_1178,12,C,14.375,36.035,91.154
SRR12363492_1178,13,O,13.367,36.096,91.832
SRR12363492_1178,28,C,23.041,33.076,99.339
SRR12363492_1178,29,O,23.571,32.057,99.733
SRR11005201_40376,12,C,30.099,39.017,97.271
SRR11005201_40376,13,O,31.306,38.876,97.217
SRR11005201_40376,28,C,17.166,32.288,98.43
SRR11005201_40376,29,O,16.739,31.268,97.928
DRR046399_6024,12,C,17.068,34.434,98.354
DRR046399_6024,13,O,16.269,34.043,97.524
DRR046399_6024,28,C,30.568,40.298,99.232
DRR046399_6024,29,O,30.563,41.025,100.204
SRR25158324_2535008,12,C,16.473,33.714,97.366
SRR25158324_2535008,13,O,16.07,32.782,96.698
SRR25158324_2535008,28,C,29.392,38.835,99.468
SRR25158324_2535008,29,O,29.885,39.345,100.453
ERR3697023_14244245,12,C,33.725,37.647,93.867
ERR3697023_14244245,13,O,34.918,37.409,93.878
ERR3697023_14244245,28,C,21.857,35.343,97.775
ERR3697023_14244245,29,O,21.282,34.274,97.758
SRR26965291_34719,12,C,24.966,36.119,98.202
SRR26965291_34719,13,O,25.104,36.877,97.26
SRR26965291_34719,28,C,19.459,28.34,90.606
SRR26965291_34719,29,O,19.975,29.257,90.001
ERR3588746_23368,12,C,25.65,33.971,89.907
ERR3588746_23368,13,O,25.374,34.744,89.009
ERR3588746_23368,28,C,25.495,36.475,98.766
ERR3588746_23368,29,O,26.121,37.3,98.133
SRR8569139_9422,12,C,29.199,38.973,99.749
SRR8569139_9422,13,O,29.374,39.52,100.822
SRR8569139_9422,28,C,14.952,34.177,98.711
SRR8569139_9422,29,O,14.276,35.1,98.304
SRR12266064_2045115,12,C,15.228,33.728,98.713
SRR12266064_2045115,13,O,14.459,33.855,97.779
SRR12266064_2045115,28,C,28.462,39.343,100.188
SRR12266064_2045115,29,O,27.907,40.244,100.782
SRR26290483_118036,12,C,13.893,35.601,101.186
SRR26290483_118036,13,O,12.96,34.887,101.499
SRR26290483_118036,28,C,27.523,36.356,100.142
SRR26290483_118036,29,O,28.041,35.416,100.709
AR######_100,12,C,17.354,32.997,97.885
AR######_100,13,O,16.705,33.81,97.256
AR######_100,28,C,30.046,40.348,98.251
AR######_100,29,O,29.979,40.934,97.189
AR######_173,12,C,27.431,38.942,99.686
AR######_173,13,O,28.26,39.229,98.843
AR######_173,28,C,17.224,29.551,95.642
AR######_173,29,O,17.646,29.412,94.512
P19833.1,12,C,26.639,35.774,100.049
P19833.1,13,O,26.859,35.556,101.225
P19833.1,28,C,17.852,29.853,93.9
P19833.1,29,O,17.608,28.688,94.138
SRR15371989_72478,12,C,28.319,38.636,99.776
SRR15371989_72478,13,O,28.822,38.817,100.868
SRR15371989_72478,28,C,15.091,30.93,95.829
SRR15371989_72478,29,O,14.916,31.715,94.92
ERR2762187_7288,12,C,26.013,38.012,97.951
ERR2762187_7288,13,O,26.25,39.031,97.332
ERR2762187_7288,28,C,26.311,32.998,89.756
ERR2762187_7288,29,O,27.332,32.399,90.026
ERR9963791_1782184,12,C,29.466,38.073,98.56
ERR9963791_1782184,13,O,29.69,39.109,99.157
ERR9963791_1782184,28,C,17.415,31.252,95.102
ERR9963791_1782184,29,O,16.253,30.913,95.192
SRR3314882_89058,12,C,28.589,38.518,99.762
SRR3314882_89058,13,O,28.502,39.388,100.608
SRR3314882_89058,28,C,26.332,32.769,89.546
SRR3314882_89058,29,O,27.342,32.116,89.712
SRR12266064_29780,12,C,24.12,35.331,98.114
SRR12266064_29780,13,O,24.203,35.917,97.051
SRR12266064_29780,28,C,19.895,28.568,90.089
SRR12266064_29780,29,O,19.473,28.644,88.953
ERR11484209_22782,12,C,24.493,33.032,91.718
ERR11484209_22782,13,O,24.21,31.978,91.18
ERR11484209_22782,28,C,28.908,39.404,100.113
ERR11484209_22782,29,O,29.365,39.58,101.224
ERR2598794_43297,12,C,23.557,32.423,91.194
ERR2598794_43297,13,O,23.957,31.278,91.104
ERR2598794_43297,28,C,29.465,38.087,98.952
ERR2598794_43297,29,O,29.834,39.076,99.551
SRR14695722_75236,12,C,28.514,38.993,94.164
SRR14695722_75236,13,O,27.68,39.4,93.378
SRR14695722_75236,28,C,20.515,32.321,98.715
SRR14695722_75236,29,O,20.502,31.286,99.348
ERR4801149_9489,12,C,17.295,31.658,93.938
ERR4801149_9489,13,O,16.703,32.155,92.999
ERR4801149_9489,28,C,28.478,38.751,100.462
ERR4801149_9489,29,O,28.214,39.577,101.312
AR######_12,12,C,18.729,26.89,92.284
AR######_12,13,O,19.451,26.026,92.744
AR######_12,28,C,23.42,35.62,97.374
AR######_12,29,O,22.939,36.196,96.42
SRR12681888_1225841,12,C,28.748,37.573,98.219
SRR12681888_1225841,13,O,29.087,38.384,99.06
SRR12681888_1225841,28,C,16.992,32.104,98.315
SRR12681888_1225841,29,O,16.321,31.66,97.406
WP_054022242.1,12,C,23.408,32.151,91.665
WP_054022242.1,13,O,22.856,31.294,91.001
WP_054022242.1,28,C,29.19,38.69,100.079
WP_054022242.1,29,O,28.963,39.529,100.927
SRR1523874_4491,12,C,23.898,32.544,91.432
SRR1523874_4491,13,O,23.821,31.379,91.09
SRR1523874_4491,28,C,29.432,39.163,99.355
SRR1523874_4491,29,O,30.309,39.321,98.531
SRR26075051_5618361,12,C,27.076,39.915,105.465
SRR26075051_5618361,13,O,27.504,39.381,106.471
SRR26075051_5618361,28,C,20.878,34.587,97.474
SRR26075051_5618361,29,O,20.585,34.054,96.423
SRR25547245_993609,12,C,29.703,38.775,94.53
SRR25547245_993609,13,O,28.98,39.005,93.58
SRR25547245_993609,28,C,20.169,32.363,99.026
SRR25547245_993609,29,O,20.079,31.435,99.803
AR######_106,12,C,30.304,38.854,97.948
AR######_106,13,O,30.483,39.999,98.315
AR######_106,28,C,16.809,32.175,98.366
AR######_106,29,O,16.988,30.981,98.233
DRR509554_23646,12,C,16.073,33.262,98.316
DRR509554_23646,13,O,15.439,34.281,98.514
DRR509554_23646,28,C,29.522,38.787,98.292
DRR509554_23646,29,O,29.396,39.974,98.073
ERR10640994_177560,12,C,23.584,32.522,90.227
ERR10640994_177560,13,O,22.603,31.958,89.78
ERR10640994_177560,28,C,29.038,38.88,99.841
ERR10640994_177560,29,O,29.574,38.988,100.924
SRR26075049_937218,12,C,26.547,38.116,91.877
SRR26075049_937218,13,O,27.125,37.058,91.716
SRR26075049_937218,28,C,24.882,34.723,98.923
SRR26075049_937218,29,O,24.737,34.61,100.123
SRR16950703_360364,12,C,15.56,33.56,99.345
SRR16950703_360364,13,O,14.821,34.098,98.543
SRR16950703_360364,28,C,27.85,37.414,99.636
SRR16950703_360364,29,O,28.459,36.784,100.476
SRR7967696_318013,12,C,28.908,38.987,100.323
SRR7967696_318013,13,O,29.884,39.15,99.614
SRR7967696_318013,28,C,15.301,34.736,99.732
SRR7967696_318013,29,O,14.747,35.805,99.884
SRR24907501_79708,12,C,14.892,32.114,99.302
SRR24907501_79708,13,O,14.982,31.303,100.204
SRR24907501_79708,28,C,28.348,38.433,99.416
SRR24907501_79708,29,O,28.333,39.585,99.798
ERR3943994_542949,12,C,32.937,38.872,95.627
ERR3943994_542949,13,O,33.413,39.975,95.44
ERR3943994_542949,28,C,21.631,36.328,94.165
ERR3943994_542949,29,O,22.382,37.078,93.575
SRR13588904_28417,12,C,26.258,41.946,101.143
SRR13588904_28417,13,O,25.458,42.563,100.466
SRR13588904_28417,28,C,20.591,32.341,98.491
SRR13588904_28417,29,O,20.68,31.157,98.745
ERR9844462_623,12,C,17.585,29.018,94.97
ERR9844462_623,13,O,17.814,29.049,93.776
ERR9844462_623,28,C,27.672,37.015,100.107
ERR9844462_623,29,O,28.332,36.224,100.75
ERR10641118_142160,12,C,26.596,42.034,101.75
ERR10641118_142160,13,O,26.022,42.949,101.19
ERR10641118_142160,28,C,19.452,32.848,97.411
ERR10641118_142160,29,O,19.246,31.654,97.488
SRR21210593_63796,12,C,23.407,32.097,91.549
SRR21210593_63796,13,O,23.583,30.898,91.439
SRR21210593_63796,28,C,30.44,39.601,98.057
SRR21210593_63796,29,O,30.068,40.338,97.167
AR######_33,12,C,28.22,38.53,99.19
AR######_33,13,O,28.468,39.154,100.204
AR######_33,28,C,23.145,32.128,91.046
AR######_33,29,O,22.52,31.705,90.095
ERR9769279_34127,12,C,28.748,37.655,99.311
ERR9769279_34127,13,O,28.834,38.321,100.325
ERR9769279_34127,28,C,14.301,36.253,98.471
ERR9769279_34127,29,O,13.228,36.587,98.012
ERR10482440_903875,12,C,22.532,36.112,96.971
ERR10482440_903875,13,O,22.552,35.546,95.895
ERR10482440_903875,28,C,26.538,41.265,104.6
ERR10482440_903875,29,O,25.689,40.416,104.786
SRR3989453_37515,12,C,17.449,33.596,98.273
SRR3989453_37515,13,O,16.88,34.645,98.039
SRR3989453_37515,28,C,30.946,40.017,99.293
SRR3989453_37515,29,O,30.906,41.211,99.506
AR######_73,12,C,18.784,27.202,92.554
AR######_73,13,O,19.424,26.244,92.945
AR######_73,28,C,24.69,35.534,97.371
AR######_73,29,O,24.569,35.879,96.213
SRR22136574_3522411,12,C,25.385,36.896,97.999
SRR22136574_3522411,13,O,25.143,37.829,97.257
SRR22136574_3522411,28,C,14.266,29.378,98.387
SRR22136574_3522411,29,O,13.214,29.272,98.983
AR######_8,12,C,27.503,38.902,98.883
AR######_8,13,O,27.938,39.449,99.879
AR######_8,28,C,16.539,31.079,95.861
AR######_8,29,O,16.788,31.372,94.71
SRR21419831_257710,12,C,23.538,32.277,91.877
SRR21419831_257710,13,O,22.842,31.28,91.825
SRR21419831_257710,28,C,29.387,38.042,99.322
SRR21419831_257710,29,O,29.657,39.054,99.937
ASA57064.1,12,C,17.218,28.803,96.121
ASA57064.1,13,O,16.848,27.817,96.73
ASA57064.1,28,C,27.349,37.261,99.472
ASA57064.1,29,O,28.182,36.642,100.102
SRR13969208_105,12,C,17.358,29.247,94.875
SRR13969208_105,13,O,18.348,28.659,94.482
SRR13969208_105,28,C,27.69,37.202,99.72
SRR13969208_105,29,O,28.463,36.628,100.459
SRR908275_10703,12,C,17.883,29.332,96.124
SRR908275_10703,13,O,17.856,28.138,96.354
SRR908275_10703,28,C,28.657,39.071,99.879
SRR908275_10703,29,O,28.839,39.27,101.063
SRR26046407_1203775,12,C,15.648,29.395,94.357
SRR26046407_1203775,13,O,14.944,28.407,94.283
SRR26046407_1203775,28,C,25.452,36.773,98.573
SRR26046407_1203775,29,O,25.848,37.234,97.523
AR######_43,12,C,16.646,29.421,96.741
AR######_43,13,O,15.579,28.966,97.106
AR######_43,28,C,27.634,36.358,99.923
AR######_43,29,O,28.126,35.295,100.239
SRR26313965_71362,12,C,24.281,34.382,98.968
SRR26313965_71362,13,O,24.714,34.48,100.101
SRR26313965_71362,28,C,24.834,34.163,90.684
SRR26313965_71362,29,O,25.475,35.191,90.77
ERR4674853_86664,12,C,31.002,39.754,97.73
ERR4674853_86664,13,O,30.773,40.302,96.668
ERR4674853_86664,28,C,18.052,32.614,98.166
ERR4674853_86664,29,O,17.648,31.58,98.659
ERR11028393_217052,12,C,27.09,42.288,103.018
ERR11028393_217052,13,O,27.943,42.966,103.558
ERR11028393_217052,28,C,20.783,33.949,97.364
ERR11028393_217052,29,O,19.848,34.578,97.816
ERR10087380_58920,12,C,29.619,39.015,94.665
ERR10087380_58920,13,O,28.9,39.3,93.725
ERR10087380_58920,28,C,20.775,32.337,98.89
ERR10087380_58920,29,O,20.833,31.126,98.955
SRR12693835_33628,12,C,27.432,36.216,99.593
SRR12693835_33628,13,O,28.081,35.208,99.798
SRR12693835_33628,28,C,26.32,32.845,89.297
SRR12693835_33628,29,O,27.209,32.029,89.432
SRR17828879_219644,12,C,26.566,40.325,104.398
SRR17828879_219644,13,O,25.452,40.093,104.826
SRR17828879_219644,28,C,19.555,32.786,97.271
SRR17828879_219644,29,O,19.321,32.479,96.12
SRR20309463_795,12,C,26.366,32.672,89.993
SRR20309463_795,13,O,27.423,32.427,90.542
SRR20309463_795,28,C,27.277,36.616,100.139
SRR20309463_795,29,O,27.812,35.825,100.889
ERR9963791_553102,12,C,27.464,40.411,105.81
ERR9963791_553102,13,O,27.766,40.359,106.987
ERR9963791_553102,28,C,20.776,31.957,99.32
ERR9963791_553102,29,O,20.956,31.01,100.059
SRR25727107_131495,12,C,27.941,38.391,99.185
SRR25727107_131495,13,O,28.791,38.248,100.044
SRR25727107_131495,28,C,17.875,29.267,94.194
SRR25727107_131495,29,O,16.911,28.604,94.517
SRR24863433_5674,12,C,24.865,35.189,99.033
SRR24863433_5674,13,O,25.028,34.462,99.995
SRR24863433_5674,28,C,17.34,26.934,94.996
SRR24863433_5674,29,O,18.069,26.028,95.344
SRR11742962_521374,12,C,21.393,34.651,97.301
SRR11742962_521374,13,O,20.435,34.527,98.04
SRR11742962_521374,28,C,26.439,40.957,105.279
SRR11742962_521374,29,O,26.613,40.022,106.033
WP_058088494.1,12,C,14.992,31.654,99.544
WP_058088494.1,13,O,14.142,32.167,100.247
WP_058088494.1,28,C,28.74,37.583,98.976
WP_058088494.1,29,O,28.925,38.375,99.878
ERR1346831_178792,12,C,17.767,31.438,92.965
ERR1346831_178792,13,O,18.708,30.795,92.541
ERR1346831_178792,28,C,27.568,36.814,99.88
ERR1346831_178792,29,O,28.055,35.955,100.587
SRR18156181_603674,12,C,16.167,32.497,98.211
SRR18156181_603674,13,O,15.512,33.429,97.786
SRR18156181_603674,28,C,29.571,38.213,98.655
SRR18156181_603674,29,O,29.838,39.274,99.181
AR######_13,12,C,17.835,27.562,91.963
AR######_13,13,O,17.116,27.431,90.99
AR######_13,28,C,24.687,35.624,97.841
AR######_13,29,O,24.643,36.053,96.706
SRR12687296_626766,12,C,26.99,38.409,98.068
SRR12687296_626766,13,O,26.903,39.146,97.104
SRR12687296_626766,28,C,17.213,29.928,94.704
SRR12687296_626766,29,O,17.129,28.868,95.291
AR######_74,12,C,16.919,28.376,95.025
AR######_74,13,O,16.779,27.636,95.98
AR######_74,28,C,24.505,36.026,98.091
AR######_74,29,O,24.169,37.062,97.555
AR######_14,12,C,17.224,29.176,95.78
AR######_14,13,O,17.199,28.263,96.583
AR######_14,28,C,27.197,36.561,99.839
AR######_14,29,O,27.807,35.734,100.485
SRR16759749_268810,12,C,28.566,37.58,99.386
SRR16759749_268810,13,O,28.854,38.121,100.436
SRR16759749_268810,28,C,25.654,33.299,90.485
SRR16759749_268810,29,O,26.817,33.134,90.792
AR######_152,12,C,17.982,28.744,94.946
AR######_152,13,O,17.178,27.909,95.315
AR######_152,28,C,28.819,37.807,98.805
AR######_152,29,O,29.485,37.636,97.804
ERR4592245_1642075,12,C,22.015,36.152,97.49
ERR4592245_1642075,13,O,21.63,37.151,96.913
ERR4592245_1642075,28,C,33.85,36.008,94.712
ERR4592245_1642075,29,O,33.747,34.916,95.232
AR######_17,12,C,28.559,37.802,99.362
AR######_17,13,O,28.825,38.487,100.332
AR######_17,28,C,23.96,32.426,91.525
AR######_17,29,O,23.755,31.524,90.738
ERR7672960_23882,12,C,31.539,39.241,97.781
ERR7672960_23882,13,O,32.218,40.05,98.384
ERR7672960_23882,28,C,19.006,32.554,98.055
ERR7672960_23882,29,O,18.534,31.574,98.593
DRR378781_602206,12,C,29.164,38.933,100.108
DRR378781_602206,13,O,29.324,39.465,101.19
DRR378781_602206,28,C,17.28,35.413,97.869
DRR378781_602206,29,O,16.199,35.945,98.022
ADV92526.1,12,C,29.691,40.098,97.221
ADV92526.1,13,O,29.372,41.261,97.381
ADV92526.1,28,C,17.531,33.816,98.501
ADV92526.1,29,O,16.903,34.794,98.149
SRR13325290_214718,12,C,29.517,38.974,94.321
SRR13325290_214718,13,O,28.81,39.369,93.413
SRR13325290_214718,28,C,20.587,32.599,98.905
SRR13325290_214718,29,O,20.64,31.464,99.334
SRR14576916_391095,12,C,18.749,31.228,92.349
SRR14576916_391095,13,O,18.24,30.485,93.166
SRR14576916_391095,28,C,28.193,40.168,100.676
SRR14576916_391095,29,O,29.115,40.804,100.206
SRR9643230_217764,12,C,23.413,32.021,91.32
SRR9643230_217764,13,O,22.847,31.129,90.718
SRR9643230_217764,28,C,29.078,38.385,99.471
SRR9643230_217764,29,O,29.593,38.83,100.475
UUT36763.1,12,C,18.291,31.504,92.671
UUT36763.1,13,O,17.348,30.923,92.168
UUT36763.1,28,C,24.164,34.395,99.363
UUT36763.1,29,O,23.757,33.348,99.822
SRR25727962_708236,12,C,23.689,32.281,90.962
SRR25727962_708236,13,O,23.192,31.636,90.058
SRR25727962_708236,28,C,28.996,38.143,98.914
SRR25727962_708236,29,O,29.277,39.1,99.606
SRR11534412_304166,12,C,17.208,28.845,95.012
SRR11534412_304166,13,O,16.479,27.896,95.232
SRR11534412_304166,28,C,25.343,35.898,99.071
SRR11534412_304166,29,O,25.545,35.021,99.886
SRR19414414_32612,12,C,16.345,32.44,97.625
SRR19414414_32612,13,O,15.963,32.416,96.47
SRR19414414_32612,28,C,27.472,36.508,99.916
SRR19414414_32612,29,O,27.702,35.563,100.642
SRR24001352_43921,12,C,16.592,29.413,96.167
SRR24001352_43921,13,O,17.212,28.728,96.958
SRR24001352_43921,28,C,26.48,37.87,99.225
SRR24001352_43921,29,O,27.056,38.677,98.526
ERR1579315_76907,12,C,23.152,33.276,90.909
ERR1579315_76907,13,O,22.726,34.206,90.251
ERR1579315_76907,28,C,28.593,39.381,100.05
ERR1579315_76907,29,O,28.833,39.566,101.226
RLU00646.1,12,C,27.366,36.523,99.961
RLU00646.1,13,O,28.001,35.625,100.481
RLU00646.1,28,C,17.036,28.721,95.733
RLU00646.1,29,O,17.141,28.752,94.524
SRR6129205_10729,12,C,28.845,38.858,99.868
SRR6129205_10729,13,O,28.739,39.871,100.533
SRR6129205_10729,28,C,15.031,31.854,99.171
SRR6129205_10729,29,O,15.008,30.896,99.916
ERR10822306_273555,12,C,15.253,32.137,99.567
ERR10822306_273555,13,O,14.62,31.361,98.876
ERR10822306_273555,28,C,28.837,38.619,99.735
ERR10822306_273555,29,O,29.826,38.742,99.042
SRR13588849_74531,12,C,17.288,33.539,98.01
SRR13588849_74531,13,O,16.803,33.977,96.984
SRR13588849_74531,28,C,28.969,40.75,100.475
SRR13588849_74531,29,O,29.046,41.74,99.777
ERR7127473_220403,12,C,18.647,38.186,97.994
ERR7127473_220403,13,O,18.638,39.234,98.611
ERR7127473_220403,28,C,29.991,40.826,99.876
ERR7127473_220403,29,O,31.121,41.046,99.491
ERR2752155_114826,12,C,25.895,35.646,99.344
ERR2752155_114826,13,O,26.224,35.274,100.455
ERR2752155_114826,28,C,26.251,33.032,89.232
ERR2752155_114826,29,O,27.162,32.24,89.366
DRR322242_2006,12,C,16.946,33.057,98.535
DRR322242_2006,13,O,16.304,32.793,97.536
DRR322242_2006,28,C,30.755,40.115,98.055
DRR322242_2006,29,O,30.337,41.221,97.783
SRR14039970_584981,12,C,15.097,31.611,98.667
SRR14039970_584981,13,O,14.139,31.95,99.336
SRR14039970_584981,28,C,28.934,38.819,99.229
SRR14039970_584981,29,O,29.471,39.316,100.198
SRR13207077_558,12,C,25.19,35.928,98.499
SRR13207077_558,13,O,25.259,36.95,97.843
SRR13207077_558,28,C,18.502,26.828,91.71
SRR13207077_558,29,O,17.83,26.033,91.087
ERR10640994_226214,12,C,29.252,38.424,99.465
ERR10640994_226214,13,O,29.434,39.226,100.361
ERR10640994_226214,28,C,16.07,32.273,99.332
ERR10640994_226214,29,O,16.192,31.895,100.479
SRR14039663_324879,12,C,26.8,38.79,94.101
SRR14039663_324879,13,O,25.993,39.546,93.595
SRR14039663_324879,28,C,19.543,32.433,98.087
SRR14039663_324879,29,O,18.664,32.81,97.339
ERR5947503_322,12,C,28.889,38.936,99.97
ERR5947503_322,13,O,29.057,39.469,101.051
ERR5947503_322,28,C,17.352,29.918,96.987
ERR5947503_322,29,O,16.186,29.847,97.316
SRR23636745_2174529,12,C,26.095,35.705,99.959
SRR23636745_2174529,13,O,26.385,35.317,101.075
SRR23636745_2174529,28,C,17.572,29.651,95.513
SRR23636745_2174529,29,O,17.857,29.814,94.345
ERR10641118_502282,12,C,29.348,38.369,99.971
ERR10641118_502282,13,O,29.327,39.208,100.852
ERR10641118_502282,28,C,23.962,32.821,91.755
ERR10641118_502282,29,O,24.067,31.618,91.623
SRR13614386_485083,12,C,27.1,41.353,105.21
SRR13614386_485083,13,O,26.508,40.51,105.856
SRR13614386_485083,28,C,21.815,35.031,97.801
SRR13614386_485083,29,O,21.29,33.937,97.812
SRR5679025_626712,12,C,27.771,37.125,99.739
SRR5679025_626712,13,O,28.626,36.405,100.22
SRR5679025_626712,28,C,17.371,28.098,95.849
SRR5679025_626712,29,O,18.299,27.316,95.836
